word,frequency
flight,3905
not,3090
no,1484
cancelled,1043
thanks,1041
just,965
service,959
help,864
time,786
customer,750
hours,676
flights,644
hold,638
plane,635
cannot,582
thank,578
s,569
need,552
delayed,537
did,523
gate,513
flightled,498
bag,489
hour,482
got,459
today,427
phone,426
like,425
late,422
airline,398
fly,375
guys,374
waiting,366
know,355
way,350
u,346
trying,346
does,345
airport,341
day,338
great,333
never,319
going,319
wait,317
flying,313
weather,312
hrs,309
tomorrow,309
make,309
change,307
check,301
delay,300
really,299
good,294
minutes,294
home,294
people,288
aa,277
bags,275
seat,274
dm,271
united,270
new,268
want,267
told,267
w,263
luggage,262
agent,259
ticket,255
love,243
worst,243
number,242
lost,241
getting,240
travel,238
yes,237
email,236
work,234
min,233
let,231
days,231
crew,230
baggage,228
ua,226
flighted,222
trip,210
right,208
seats,206
response,204
experience,202
jfk,201
problems,200
online,196
sitting,193
best,188
passengers,188
staff,186
bad,184
boarding,184
sent,184
customers,183
better,181
long,181
book,180
line,179
left,178
said,177
booked,177
sure,176
times,175
pm,173
stuck,172
morning,165
reservation,163
tonight,162
flightr,162
miles,162
miss,158
dfw,158
think,157
website,157
flt,156
agents,156
airlines,154
lax,153
fleet,152
fleek,152
use,151
delays,151
connection,151
night,150
care,150
issue,149
says,149
jetblue,148
booking,147
refund,146
tried,145
info,145
hotel,145
mins,145
tell,144
air,142
called,138
rebooked,136
b,135
hope,135
rude,135
pay,134
nice,133
free,132
ago,131
missed,130
sfo,130
follow,130
tickets,127
class,126
finally,125
st,123
issues,123
phl,122
rebook,122
awesome,121
ord,121
hr,121
week,120
checked,120
able,118
working,118
credit,118
business,118
wifi,118
appreciate,115
dca,114
come,114
say,113
missing,113
having,112
status,111
looking,111
board,111
available,110
team,110
update,109
problem,108
app,108
person,108
yesterday,107
voucher,107
leave,105
making,104
thx,104
terrible,104
answer,104
helpful,103
ok,103
upgrade,101
year,100
sorry,100
disappointed,100
look,100
clt,100
understand,99
instead,99
amazing,98
early,98
c,98
open,98
stop,97
fail,97
ewr,97
extra,97
bos,96
rep,96
send,96
hi,95
rt,95
claim,95
paid,94
contact,94
fix,94
money,94
pilot,94
planes,94
earlier,93
speak,93
pass,93
southwest,92
departure,92
site,91
happy,91
boston,91
different,90
took,90
supposed,89
hung,89
unacceptable,89
attendant,89
try,89
ridiculous,89
talk,89
vegas,88
connecting,88
family,88
dallas,87
received,87
oh,87
direct,86
job,86
poor,86
actually,86
ground,86
chicago,86
th,85
horrible,85
company,85
employees,85
wife,84
stranded,84
tarmac,84
airways,84
add,83
card,83
old,83
denver,83
destinationdragons,83
san,81
seriously,80
landed,80
twitter,80
start,79
calling,79
snow,79
taking,79
ur,78
leaving,78
needs,78
chance,78
d,77
doing,77
maybe,77
away,76
nyc,76
weeks,76
policy,76
wrong,76
tweet,76
american,76
far,76
t,75
account,75
food,74
reason,74
reply,74
vacation,74
gave,73
fee,73
half,73
big,72
sit,71
coming,71
point,71
message,71
reservations,71
thing,70
return,70
option,70
hey,70
went,70
frustrated,70
desk,69
confirmation,69
broken,69
past,69
y,69
bc,69
using,68
mechanical,68
charge,68
changed,67
link,67
offer,67
car,67
twice,67
little,66
soon,66
iad,66
kids,66
pls,65
question,65
newark,65
k,65
charlotte,65
asked,65
looks,64
destination,64
saying,64
used,64
phx,64
cool,63
possible,63
makes,63
houston,63
stay,63
fll,62
worse,62
lot,62
guess,62
runway,62
things,61
lga,61
real,61
longer,60
awful,60
traveling,60
terminal,60
friend,60
life,59
scheduled,59
landing,59
cost,59
given,59
plus,58
hard,58
waited,58
row,58
telling,58
sat,57
m,57
points,57
minute,57
hear,57
idea,57
arrived,56
heard,56
member,56
im,56
sucks,56
lol,56
philly,56
lack,56
o,56
den,56
mean,55
feel,55
happened,55
dc,55
cust,55
calls,55
international,55
attendants,55
believe,55
assistance,54
iah,54
information,54
arrive,54
frustrating,54
swa,54
nd,53
las,53
options,53
end,53
hoping,53
reflight,53
maintenance,53
monday,52
error,52
carry,52
loyal,52
miami,52
changes,52
pick,52
sw,52
quick,51
x,51
joke,51
jet,51
bwi,51
counting,51
second,50
world,50
forward,50
expect,50
wanted,50
standby,50
glad,50
request,50
ceo,50
n,50
usairways,50
f,49
ask,49
needed,49
busy,49
non,48
process,48
checking,48
suck,48
pilots,48
room,48
apology,48
deal,47
wish,47
la,47
thought,47
group,47
boarded,47
reach,47
complaint,47
spent,47
usair,47
blue,47
flew,46
city,46
wow,46
bring,46
tv,46
paying,46
guy,46
years,46
computer,46
case,46
asking,46
mco,45
club,45
human,45
buy,45
entire,45
form,45
communication,45
unitedairlines,45
yeah,44
month,44
lose,44
passenger,44
currently,44
address,44
fees,44
months,44
run,44
taken,44
bought,43
provide,43
cant,43
respond,43
helping,43
place,43
flighting,43
drive,43
list,43
hopefully,43
pretty,42
asap,42
updates,42
supervisor,42
delta,42
atl,42
leg,42
sleep,42
counter,42
sunday,42
nashville,42
moved,41
correct,41
happens,41
super,41
ve,41
wtf,41
happen,41
fault,41
appreciated,41
live,41
holding,41
support,40
tsa,40
austin,40
high,40
ready,40
price,40
future,40
okay,40
flightlations,40
automated,40
companion,40
award,39
fine,39
e,39
plans,39
confirmed,39
safety,39
purchase,39
yr,39
date,39
figure,39
switch,39
feb,38
easy,38
checkin,38
luv,38
r,38
apparently,38
access,38
orlando,38
details,38
upset,38
record,38
employee,38
situation,38
tuesday,38
hate,38
atlanta,37
media,37
customerservice,37
flown,37
reschedule,37
offered,37
treat,37
cabin,37
probably,37
set,37
disconnected,37
cause,36
friends,36
completely,36
sad,36
handle,36
charged,36
helped,36
storm,36
read,36
zero,36
clothes,36
compensation,36
original,36
delivered,36
means,36
huge,36
gets,36
following,36
kind,36
mia,35
middle,35
giving,35
gonna,35
fare,35
luck,35
fact,35
ice,35
seen,35
allowed,35
sending,35
losing,35
dont,35
allow,35
schedule,34
cold,34
share,34
running,34
priority,34
flightlation,34
fun,34
gives,34
connections,34
explain,34
platinum,34
members,34
changing,34
answering,33
friendly,33
pre,33
came,33
round,33
space,33
aircraft,33
winter,33
weekend,33
multiple,33
rdu,33
crazy,33
hello,33
bna,33
rock,32
yall,32
layover,32
takes,32
route,32
gold,32
husband,32
despite,32
spoke,32
rd,32
shit,32
reps,32
ppl,32
services,32
held,32
extremely,32
lounge,32
unfortunately,32
unable,32
sense,32
relations,32
water,32
country,31
birthday,31
mobile,31
lots,31
friday,31
land,31
mileage,31
tix,31
complete,31
word,31
knew,31
goes,31
works,31
arrival,31
answers,31
fixed,31
control,31
id,31
true,31
wall,31
news,30
totally,30
area,30
afternoon,30
report,30
inconvenience,30
absolutely,30
child,30
overnight,30
mom,30
kudos,30
load,30
confirm,30
nope,30
phones,30
treated,30
hang,30
haha,30
virgin,29
oscars,29
keeps,29
fl,29
spend,29
ny,29
rescheduled,29
small,29
learn,29
ll,29
overhead,29
wonderful,29
h,29
vouchers,29
responding,29
literally,29
dealing,29
social,29
plan,29
dividend,29
plz,28
page,28
code,28
folks,28
closed,28
bit,28
march,28
evening,28
course,28
excellent,28
man,28
saw,28
short,28
daughter,28
baby,28
matter,28
worth,28
offering,28
door,28
showing,28
lines,28
attitude,28
gone,27
excited,27
flyer,27
ride,27
depart,27
passbook,27
anymore,27
arriving,27
note,27
feedback,27
neveragain,27
letting,27
mess,27
letter,27
worries,27
seating,26
sign,26
mind,26
shows,26
watch,26
saturday,26
web,26
choice,26
americanairlines,26
forced,26
submitted,26
worked,26
son,26
connect,26
drop,26
phoenix,26
catch,26
complaints,26
failed,26
entertainment,25
select,25
lady,25
trouble,25
btw,25
kept,25
drink,25
window,25
started,25
domestic,25
mail,25
flightd,25
conf,25
advisory,25
resolved,25
followed,25
ruined,25
knows,25
post,25
usairwaysfail,25
cover,25
explanation,25
bumped,25
hangs,25
l,24
takeoff,24
traveler,24
useless,24
receive,24
stuff,24
center,24
itinerary,24
frequent,24
happening,24
bank,24
caused,24
airports,24
captain,24
bs,24
gates,24
safe,24
funeral,24
volume,24
warm,24
dal,23
dropped,23
assist,23
notice,23
expected,23
filed,23
order,23
story,23
receipt,23
svc,23
moving,23
unhelpful,23
updated,23
tired,23
keeping,23
tag,23
failure,23
airplane,23
office,23
cs,23
merger,23
acceptable,23
party,23
p,22
match,22
current,22
win,22
absolute,22
definitely,22
notification,22
charging,22
emails,22
mexico,22
philadelphia,22
regarding,22
transfer,22
security,22
total,22
concern,22
unhappy,22
file,22
premier,22
major,22
tells,22
damn,22
single,22
power,22
screwed,22
excuse,22
talked,22
kidding,22
fucking,22
especially,22
meal,22
close,22
jb,22
fares,21
program,21
inflight,21
planned,21
video,21
special,21
count,21
funny,21
routes,21
avgeek,21
meeting,21
nightmare,21
actual,21
travelers,21
cut,21
resolve,21
auto,21
willing,21
equipment,21
pathetic,21
fingers,21
talking,21
forgot,21
mistake,21
questions,21
clear,21
cc,21
hell,21
impressed,21
onboard,21
answered,21
compensate,21
tmrw,21
street,21
added,20
emailed,20
view,20
seattle,20
upgrades,20
nonstop,20
smh,20
headed,20
requested,20
provided,20
slow,20
turn,20
picked,20
favorite,20
crossed,20
usually,20
train,20
tweeting,20
wasted,20
final,20
tho,20
angry,20
departing,20
sick,20
difference,20
listening,20
badservice,20
broke,20
visit,20
bus,20
refused,20
hanging,20
god,20
handled,20
enjoy,20
catering,20
sister,20
south,20
unbelievable,20
fantastic,20
america,19
internet,19
sea,19
deals,19
text,19
imagine,19
purchased,19
fuck,19
mention,19
lie,19
suitcase,19
wondering,19
sort,19
loved,19
lovely,19
aus,19
fyi,19
waste,19
experienced,19
diego,19
preferred,19
standing,19
switched,19
wonder,19
impossible,19
delivery,19
refunded,19
denied,19
flyers,19
personal,19
bother,19
deliver,19
important,19
choose,19
fair,19
hire,19
lies,19
clearly,19
department,19
turned,19
appease,19
pdx,18
expensive,18
adding,18
tracking,18
game,18
rate,18
disappointing,18
music,18
midnight,18
welcome,18
cmh,18
ugh,18
arrives,18
coffee,18
representative,18
rental,18
trips,18
uk,18
likely,18
filled,18
refuse,18
badcustomerservice,18
outside,18
dept,18
emergency,18
coach,18
attempt,18
ways,18
yep,18
flightling,18
passes,18
yo,18
inside,18
touch,18
sell,18
speaking,18
screw,18
freezing,18
engine,18
till,18
gotten,18
fast,18
forever,18
cheap,18
leaves,18
children,18
callback,18
exit,18
prices,18
relate,18
wednesday,18
mad,18
dragons,18
trueblue,18
battles,18
won,17
congrats,17
step,17
expired,17
daily,17
apologies,17
item,17
iphone,17
watching,17
usa,17
sold,17
promised,17
resolution,17
solution,17
ones,17
continue,17
omg,17
starting,17
additional,17
save,17
accommodate,17
training,17
intl,17
mileageplus,17
ahead,17
honor,17
previous,17
diff,17
incompetence,17
overbooked,17
exactly,17
florida,17
dollars,17
policies,17
fan,17
upgraded,17
patience,17
incompetent,17
notified,17
plenty,17
patient,17
pbi,17
ended,17
nc,17
buffalo,17
systems,17
mdw,17
columbus,17
cross,16
red,16
hawaii,16
enter,16
premium,16
infant,16
damaged,16
met,16
mon,16
faster,16
sweet,16
trust,16
event,16
hot,16
treatment,16
couple,16
bday,16
com,16
main,16
suppose,16
truly,16
rules,16
bird,16
break,16
incredibly,16
numbers,16
remember,16
consider,16
clue,16
quickly,16
gotta,16
fit,16
redeem,16
tampa,16
level,16
disgusting,16
pr,16
tweets,16
known,16
safely,16
conditions,16
ruining,16
corporate,16
mother,16
eventually,16
traffic,16
words,16
straight,16
mint,16
journal,16
chairman,16
eat,15
feet,15
sf,15
fuel,15
cities,15
shame,15
advise,15
hand,15
silver,15
april,15
driving,15
ipad,15
based,15
advantage,15
drinks,15
promo,15
avail,15
stewardess,15
perfect,15
raise,15
tough,15
economy,15
dmed,15
wont,15
characters,15
funds,15
promise,15
unprofessional,15
courtesy,15
carousel,15
disaster,15
loaded,15
shot,15
stl,15
example,15
simply,15
woman,15
london,15
issued,15
fa,15
print,15
jetway,15
double,15
rsw,15
pleasant,15
brother,15
buf,15
act,15
honest,15
pit,15
possibly,15
handling,15
figured,15
crews,15
apply,15
slc,15
wedding,15
res,15
snacks,15
suggestions,15
bringing,15
rewards,15
rr,15
nearly,14
thinking,14
messed,14
worry,14
thursday,14
beautiful,14
dog,14
dulles,14
logan,14
finding,14
school,14
texas,14
palm,14
sounds,14
improve,14
fight,14
contacted,14
wanna,14
low,14
announced,14
accept,14
thankyou,14
items,14
lhr,14
advance,14
prior,14
global,14
pull,14
announcement,14
military,14
sna,14
washington,14
deserves,14
stopped,14
cle,14
computers,14
dia,14
delaying,14
showed,14
contacting,14
hare,14
photo,14
frm,14
play,14
blame,14
head,14
avoid,14
prompt,14
ty,14
write,14
officially,14
surprised,14
watched,14
surprise,14
chances,14
crappy,14
quality,14
cab,14
providing,14
heading,14
elite,14
automatically,14
juan,14
professional,14
wasting,14
clean,14
loyalty,14
legroom,14
allowing,14
nothappy,14
type,14
fort,14
informed,14
sju,14
jblu,14
vx,13
death,13
large,13
brand,13
applied,13
posted,13
hands,13
february,13
g,13
concerned,13
outstanding,13
afford,13
sooner,13
screen,13
returned,13
spending,13
cheers,13
easily,13
crap,13
alternate,13
ya,13
jan,13
simple,13
cheaper,13
seeing,13
dead,13
planning,13
returning,13
absurd,13
feels,13
experiences,13
floor,13
directly,13
earn,13
til,13
management,13
states,13
killing,13
lets,13
complain,13
public,13
assigned,13
originally,13
yyz,13
ha,13
msg,13
cun,13
ual,13
frozen,13
taxi,13
realize,13
ive,13
obviously,13
near,13
sleeping,13
deplane,13
passed,13
feeling,13
departs,13
rest,13
push,13
insane,13
east,13
reward,13
lauderdale,13
summer,13
skies,12
marketing,12
song,12
waive,12
biz,12
q,12
bet,12
recent,12
thats,12
track,12
ran,12
normal,12
begin,12
picture,12
york,12
rescheduling,12
paris,12
errors,12
ah,12
ball,12
moment,12
model,12
paper,12
sun,12
dad,12
didnt,12
mechanics,12
certificate,12
thnx,12
nuts,12
unavailable,12
minor,12
heathrow,12
difficult,12
properly,12
transferred,12
responded,12
inbound,12
hotels,12
cancun,12
pax,12
yea,12
considering,12
flightations,12
outlets,12
exact,12
easier,12
looked,12
fi,12
girl,12
costs,12
appears,12
frustration,12
effort,12
whats,12
speed,12
boards,12
manager,12
reimbursed,12
flightation,12
stand,12
wet,12
piece,12
raleigh,12
honeymoon,12
epicfail,12
aware,12
house,12
interview,12
bdl,12
annoying,12
hearing,12
respect,12
higher,12
felt,12
connected,12
pvd,12
pissed,12
knowing,12
expecting,12
shuttle,12
faa,12
state,12
memphis,12
guarantee,12
shout,12
cell,12
tpa,12
usual,12
wheelchair,12
listed,12
specific,12
west,12
located,12
august,12
apologize,12
mke,12
ft,12
feature,12
contest,12
flyfi,12
flyingitforward,12
admirals,12
locator,12
va,11
opportunity,11
tech,11
queue,11
lame,11
face,11
reimburse,11
position,11
earned,11
messages,11
laptop,11
black,11
incredible,11
sharing,11
commercial,11
timely,11
wants,11
int,11
according,11
okc,11
fails,11
airfare,11
california,11
rooms,11
doors,11
disappointment,11
reimbursement,11
hundreds,11
traveled,11
discuss,11
kp,11
jh,11
english,11
certainly,11
rows,11
basically,11
dates,11
workers,11
lesson,11
ticketed,11
shameful,11
unreal,11
understood,11
mci,11
acct,11
poorly,11
value,11
retrieve,11
log,11
comp,11
credits,11
causing,11
lied,11
reroute,11
discount,11
meant,11
fam,11
weight,11
peanuts,11
carrier,11
yay,11
msp,11
winners,11
laguardia,11
size,11
ripoff,11
nasty,11
estimated,11
ba,11
offers,11
drove,11
heart,11
gear,11
rocks,11
est,11
sale,11
fraud,11
beach,11
carriers,10
elevate,10
dirty,10
worried,10
meet,10
bin,10
include,10
sjc,10
springs,10
continues,10
positive,10
manage,10
payment,10
tea,10
portland,10
don,10
affected,10
pa,10
pair,10
david,10
v,10
partner,10
inconvenient,10
outbound,10
fb,10
meetings,10
canned,10
hostage,10
claims,10
charges,10
nah,10
existing,10
unless,10
diverted,10
msy,10
pic,10
announce,10
unfriendlyskies,10
notifications,10
responses,10
yrs,10
walk,10
poorservice,10
attention,10
placed,10
legs,10
nor,10
miserable,10
including,10
pts,10
suggest,10
departed,10
rerouted,10
garbage,10
certain,10
icing,10
hit,10
reasons,10
upcoming,10
comes,10
dinner,10
travels,10
honestly,10
official,10
false,10
coast,10
ass,10
listen,10
unitedsucks,10
chi,10
sound,10
sky,10
limit,10
conference,10
notify,10
explained,10
personnel,10
million,10
immediately,10
nj,10
ind,10
shitty,10
rent,10
sadly,10
merge,10
turns,10
flts,10
decision,10
thoughts,10
aviation,10
cares,10
somebody,10
rapid,10
golf,10
accurate,10
father,10
alert,10
embarrassing,10
prepared,10
confused,10
stick,10
compassion,10
pittsburgh,10
ashamed,10
midway,10
hunt,10
lucky,10
sunny,10
balance,10
finish,10
snack,10
exec,10
aadvantage,10
fabulous,9
stress,9
anytime,9
self,9
expires,9
interesting,9
uncomfortable,9
exp,9
francisco,9
complimentary,9
central,9
jump,9
abq,9
light,9
revenue,9
degrees,9
saving,9
brought,9
dtw,9
flightly,9
smooth,9
method,9
rates,9
lap,9
incident,9
forget,9
carryon,9
forcing,9
seated,9
industry,9
mr,9
express,9
existent,9
australia,9
medical,9
doesnt,9
private,9
doubt,9
j,9
valid,9
required,9
local,9
comment,9
walked,9
apple,9
apart,9
generic,9
canada,9
statement,9
signed,9
repair,9
cuz,9
consistent,9
ill,9
general,9
buying,9
mile,9
cleveland,9
heads,9
steps,9
reserve,9
meals,9
costumer,9
reaching,9
police,9
eta,9
breakfast,9
lousy,9
cx,9
ktn,9
switching,9
coat,9
mech,9
locate,9
extended,9
bummer,9
suit,9
sight,9
bathroom,9
disgusted,9
departures,9
star,9
alliance,9
accepting,9
alright,9
mark,9
badly,9
age,9
young,9
stated,9
hook,9
advice,9
assignment,9
jax,9
roundtrip,9
biggest,9
names,9
history,9
decided,9
living,9
learned,9
cont,9
puerto,9
lower,9
shortly,9
ric,9
parents,9
separate,9
replying,9
icy,9
promotion,9
voice,9
tx,9
noticed,9
plat,9
waterbury,9
republican,9
serving,9
profits,9
disconnects,9
playing,8
reserved,8
chat,8
dream,8
agree,8
shown,8
student,8
remove,8
comfortable,8
hiring,8
field,8
password,8
ca,8
sorted,8
inspired,8
grand,8
flat,8
surgery,8
barely,8
paperwork,8
partners,8
recommend,8
tweeted,8
eastern,8
pulling,8
bins,8
rough,8
luckily,8
ios,8
abc,8
shocked,8
penalty,8
common,8
january,8
awards,8
clients,8
throwing,8
sincerely,8
huh,8
zone,8
excuses,8
copy,8
appear,8
stressful,8
heat,8
curious,8
responsibility,8
lands,8
lbs,8
hou,8
annoyed,8
bullshit,8
split,8
bunch,8
served,8
notcool,8
reminder,8
device,8
reference,8
spot,8
karen,8
gross,8
promises,8
boyfriend,8
correctly,8
lufthansa,8
replacement,8
hates,8
article,8
ton,8
blog,8
strand,8
seconds,8
accommodations,8
result,8
reasonable,8
consistently,8
epic,8
operated,8
tues,8
csr,8
managed,8
truck,8
worstairlineever,8
programs,8
disconnect,8
bay,8
availability,8
cleaned,8
drunk,8
deplaned,8
pending,8
hungry,8
passport,8
communicate,8
ahold,8
standard,8
unitedfail,8
mid,8
routing,8
concerns,8
cxl,8
ff,8
degree,8
operations,8
fra,8
roc,8
eyes,8
freaking,8
pushed,8
technical,8
fliers,8
horrendous,8
disgrace,8
term,8
guitar,8
fall,8
john,8
furious,8
saved,8
wheels,8
fans,8
wth,8
practice,8
exchange,8
yup,8
anniversary,8
toddler,8
bonus,8
actions,8
initial,8
accepted,8
yelled,8
nexus,8
places,8
charleston,8
scavenger,8
reagan,8
aug,8
stroller,8
band,8
opening,8
spoken,8
stupid,8
cash,8
selfie,8
lauren,8
snowing,8
transportation,8
hpn,8
bluemanity,8
livery,8
leading,7
awaiting,7
prefer,7
unused,7
beat,7
sarcasm,7
kicked,7
failing,7
button,7
wine,7
white,7
ps,7
putting,7
bug,7
reset,7
purpose,7
flier,7
results,7
race,7
salt,7
benefits,7
turbulence,7
gift,7
grandma,7
haven,7
dollar,7
destinations,7
stolen,7
europe,7
dear,7
serv,7
movie,7
prevent,7
shoes,7
beginning,7
ignored,7
mistakes,7
requires,7
disappeared,7
bogota,7
quite,7
ey,7
enjoyed,7
causes,7
october,7
december,7
vs,7
coupon,7
louis,7
client,7
atrocious,7
machine,7
blaming,7
deep,7
ripped,7
jp,7
period,7
assume,7
requesting,7
wi,7
included,7
membership,7
chicken,7
yvr,7
male,7
ph,7
location,7
wallet,7
damage,7
opened,7
abt,7
forth,7
lit,7
aspen,7
ing,7
deserve,7
hassle,7
terribly,7
flightst,7
shopping,7
loving,7
released,7
extend,7
shut,7
suggestion,7
worstcustomerservice,7
limited,7
picking,7
kiosks,7
prob,7
metal,7
girlfriend,7
dumb,7
crying,7
solve,7
volunteer,7
handlers,7
holders,7
idiots,7
named,7
click,7
exceptional,7
pushing,7
tire,7
reading,7
attend,7
stinks,7
inexcusable,7
starts,7
announcements,7
loses,7
wed,7
treating,7
designed,7
serve,7
families,7
hnl,7
created,7
weird,7
define,7
decent,7
beer,7
disregard,7
dragon,7
backup,7
disappoint,7
plastic,7
operating,7
tkt,7
roads,7
accounts,7
procedure,7
teach,7
cup,7
extension,7
sigh,7
cart,7
responsible,7
bump,7
painful,7
belt,7
approach,7
troubles,7
june,7
turning,7
lifetime,7
misplaced,7
tablet,7
dying,7
courteous,7
die,7
dest,7
compensated,7
join,7
directed,7
rico,7
women,7
ignoring,7
review,7
wrote,7
suggested,7
camera,7
harder,7
van,7
realized,7
youre,7
neither,7
understandable,7
reported,7
em,7
alerts,7
success,7
pricing,7
kid,7
birmingham,7
brutal,7
discounts,7
noon,7
md,7
loss,7
baltimore,7
nights,7
receiving,7
corporation,7
college,7
chaos,7
disney,7
dealt,7
nantucket,7
mosaic,7
sxm,7
seeks,7
ctl,7
merged,7
usairwayssucks,7
understaffing,7
commercials,6
fully,6
eye,6
impressive,6
stat,6
interested,6
unexpected,6
getaway,6
design,6
cabo,6
redcarpet,6
bucks,6
license,6
nervous,6
nicely,6
wheel,6
adds,6
pillows,6
fav,6
atlantic,6
profit,6
understanding,6
performance,6
facing,6
visa,6
constant,6
ella,6
fat,6
brilliant,6
needing,6
channels,6
cards,6
spread,6
kinda,6
malfunction,6
jose,6
law,6
ase,6
manner,6
weak,6
thankfully,6
search,6
gf,6
carrying,6
unfortunate,6
guide,6
continued,6
crashed,6
scam,6
scheduling,6
ref,6
grounded,6
operational,6
esp,6
writing,6
tel,6
continental,6
pos,6
stellar,6
pocket,6
happily,6
highly,6
claimed,6
bar,6
helps,6
monitor,6
spare,6
impact,6
efforts,6
confusion,6
software,6
ogg,6
unnecessary,6
decisions,6
canadian,6
proper,6
stood,6
prove,6
fucked,6
hubby,6
refuses,6
typical,6
driven,6
pleased,6
choosing,6
overweight,6
loading,6
mex,6
written,6
chair,6
fixing,6
worthless,6
transaction,6
rights,6
er,6
replacing,6
frankfurt,6
grr,6
hilarious,6
pleasure,6
facebook,6
tiny,6
lazy,6
parked,6
desperately,6
spanish,6
exception,6
hurt,6
ski,6
reliable,6
travelling,6
capt,6
ideas,6
bhm,6
accountability,6
bush,6
planet,6
concourse,6
trapped,6
slept,6
updating,6
everytime,6
green,6
daughters,6
itineraries,6
uh,6
journey,6
dming,6
cvg,6
pulled,6
ep,6
ed,6
albany,6
belongings,6
humans,6
detroit,6
addressed,6
abysmal,6
submit,6
cutting,6
download,6
extreme,6
similar,6
closer,6
airbus,6
formal,6
commitment,6
useful,6
north,6
smile,6
survey,6
overall,6
recently,6
document,6
incentive,6
isnt,6
charity,6
locations,6
basic,6
tight,6
warning,6
lying,6
expire,6
costing,6
maint,6
firstclass,6
massive,6
driver,6
progress,6
estimate,6
gas,6
heavy,6
desks,6
forgetting,6
crash,6
didn,6
jt,6
customs,6
fresh,6
scale,6
blah,6
en,6
hartford,6
lmao,6
earth,6
fortunately,6
technically,6
refunds,6
thankful,6
dropping,6
jacksonville,6
data,6
southwestairlines,6
unreliable,6
bae,6
insult,6
terry,6
oakland,6
enroute,6
fired,6
mem,6
credited,6
ring,6
cali,6
spring,6
precheck,6
heck,6
resched,6
kelly,6
accommodating,6
nearby,6
oak,6
savannah,6
evaluate,6
regular,6
national,6
stole,6
cuba,6
chairs,6
goodwill,6
dissatisfied,6
asleep,6
decide,6
digital,6
significant,6
agency,6
backs,6
key,6
filmcrew,6
recourse,5
suicide,5
teens,5
entered,5
operation,5
headphones,5
rain,5
winning,5
shared,5
random,5
user,5
desktop,5
boy,5
virginamerica,5
plain,5
secure,5
browser,5
cake,5
beats,5
views,5
ability,5
dancing,5
crisis,5
scared,5
sec,5
assaulted,5
boo,5
selected,5
application,5
competition,5
sos,5
chrome,5
inappropriate,5
flies,5
jacket,5
checkout,5
badges,5
superior,5
greeting,5
road,5
deserved,5
sucked,5
classy,5
strong,5
opens,5
bumping,5
haul,5
umm,5
popular,5
hooked,5
fc,5
cousin,5
emailing,5
chase,5
september,5
illegal,5
kc,5
bothered,5
negotiate,5
shocking,5
disrespect,5
july,5
skis,5
faith,5
century,5
property,5
horrid,5
fianc,5
aviv,5
action,5
fran,5
manchester,5
constantly,5
wks,5
appropriate,5
corp,5
jobs,5
falling,5
rectify,5
scan,5
thinks,5
finest,5
closest,5
pacific,5
carseat,5
ensure,5
jac,5
reserv,5
inadequate,5
nonsense,5
fits,5
claiming,5
poorcustomerservice,5
lake,5
glitch,5
truth,5
orf,5
holder,5
doesn,5
premiere,5
cute,5
kindness,5
nrt,5
outsource,5
foot,5
advertise,5
confirming,5
unfriendly,5
moms,5
forces,5
understaffed,5
oops,5
dry,5
assign,5
btv,5
nite,5
solved,5
notes,5
zurich,5
irritated,5
humor,5
dr,5
wearing,5
freq,5
eu,5
dot,5
explorer,5
bf,5
ads,5
snowy,5
dozen,5
catching,5
tone,5
valuable,5
king,5
pretzels,5
legal,5
advertising,5
mi,5
contract,5
memories,5
attempting,5
circumstances,5
organization,5
tail,5
efficiency,5
worstairline,5
philippines,5
aisle,5
steamboat,5
hdn,5
numerous,5
relationship,5
present,5
breaking,5
stt,5
proof,5
crashing,5
texts,5
cluster,5
continuing,5
appalled,5
notch,5
logged,5
occurred,5
screwing,5
def,5
enjoying,5
particularly,5
pricey,5
layovers,5
trained,5
sits,5
nh,5
unknown,5
operate,5
ramp,5
cranky,5
ins,5
matters,5
hardly,5
operator,5
fiasco,5
wasnt,5
nature,5
proud,5
ladies,5
chose,5
pain,5
belize,5
blamed,5
reminded,5
spam,5
executive,5
orleans,5
map,5
sales,5
skills,5
login,5
bahamas,5
nola,5
officer,5
inches,5
walking,5
bankrupt,5
armrest,5
marks,5
folder,5
darn,5
embarrassed,5
transport,5
recording,5
lavatory,5
necessary,5
wind,5
tray,5
table,5
box,5
annual,5
cleared,5
praying,5
sept,5
magic,5
selling,5
admiral,5
downgrade,5
customerservicefail,5
incoming,5
alot,5
smiling,5
admit,5
boss,5
promotions,5
dobetter,5
custserv,5
owe,5
messaged,5
timed,5
gj,5
selection,5
follows,5
mission,5
pref,5
oscar,5
communications,5
toilet,5
packed,5
provider,5
content,5
screens,5
odd,5
omaha,5
crackers,5
died,5
lives,5
hits,5
clubs,5
magazine,5
benefit,5
greatservice,5
rno,5
staying,5
theres,5
thousands,5
speedy,5
dime,5
hitting,5
wanting,5
ivr,5
rule,5
fell,5
injury,5
parking,5
sites,5
personally,5
grateful,5
hopeful,5
invalid,5
antonio,5
heavily,5
arrangements,5
conversation,5
offices,5
aka,5
loves,5
harbor,5
conflicting,5
greenville,5
indy,5
november,5
northeast,5
cmon,5
loose,5
books,5
hv,5
ticketing,5
louisville,5
gr,5
lunch,5
anxious,5
inclement,5
gary,5
printed,5
partnership,5
utah,5
responsive,5
pwm,5
park,5
aww,5
airplanes,5
anticipate,5
lead,5
costa,5
rica,5
gain,5
unlike,5
wide,5
fastest,5
involved,5
dsm,5
vieques,5
companies,5
barbados,5
getittogether,5
brandmance,5
inform,5
kill,5
haiti,5
waiver,5
flyitforward,5
bottles,5
hub,5
birds,5
awe,5
shoutout,5
alaska,5
meaning,5
jvmchat,5
sympathy,5
flydelta,5
merging,5
vile,5
americanview,5
guests,4
prime,4
innovation,4
vegan,4
touchdown,4
loads,4
mary,4
redirected,4
cheapflights,4
farecompare,4
representatives,4
register,4
comfort,4
globe,4
destroyed,4
market,4
psp,4
pressure,4
safari,4
clicking,4
todays,4
hahaha,4
blasting,4
iced,4
severely,4
girls,4
expectations,4
santa,4
exhausted,4
refunding,4
financial,4
regulation,4
consecutive,4
sees,4
increased,4
ct,4
temperature,4
section,4
tonite,4
bound,4
mentioned,4
bruh,4
embossed,4
patches,4
standards,4
cue,4
exist,4
requirement,4
develop,4
jack,4
thurs,4
cheese,4
richard,4
plate,4
network,4
recieved,4
risk,4
accident,4
debacle,4
caring,4
trusted,4
married,4
touched,4
removal,4
cessna,4
username,4
breaks,4
guitars,4
addition,4
preboard,4
active,4
brain,4
handed,4
coincidence,4
apps,4
silly,4
negligence,4
coats,4
donate,4
paste,4
severe,4
confident,4
lostluggage,4
china,4
various,4
compliment,4
pays,4
assured,4
strange,4
kn,4
regret,4
encountered,4
delhi,4
stressed,4
strangers,4
overbook,4
adopting,4
ftw,4
sched,4
manually,4
tags,4
friendlyskies,4
bed,4
ends,4
devices,4
failures,4
norm,4
terrific,4
reports,4
clothing,4
randomly,4
kindle,4
caught,4
attached,4
yelling,4
connector,4
ohare,4
ex,4
shall,4
incur,4
assuming,4
pqd,4
discrimination,4
resume,4
rarely,4
theworst,4
enquires,4
understatement,4
tom,4
robin,4
ac,4
hosting,4
beauty,4
partial,4
practical,4
retrain,4
puts,4
bridge,4
confusing,4
scott,4
cleaning,4
del,4
segment,4
searching,4
sep,4
oct,4
lisa,4
hanger,4
sdf,4
robotic,4
deck,4
servicefail,4
acknowledge,4
efficient,4
definition,4
wake,4
jacked,4
disgraceful,4
reconsider,4
pat,4
restore,4
lowered,4
ranked,4
intentionally,4
dreams,4
worker,4
toronto,4
strategy,4
segments,4
relative,4
oma,4
bagage,4
probs,4
albuquerque,4
strikes,4
hayden,4
dark,4
origin,4
ana,4
replace,4
shv,4
boise,4
atc,4
kiosk,4
smallest,4
ad,4
dunno,4
toilets,4
outrageous,4
tvs,4
norfolk,4
stranding,4
bereavement,4
tucson,4
notifying,4
ontime,4
redeemed,4
cae,4
deleted,4
staffed,4
hospitality,4
anthony,4
snowboard,4
honolulu,4
miler,4
sacramento,4
arranged,4
providence,4
shouldnt,4
quicker,4
mths,4
easiest,4
accidentally,4
duh,4
tremendous,4
goal,4
orig,4
cookies,4
operators,4
calgary,4
approve,4
ship,4
halfway,4
texted,4
strike,4
congratulations,4
remind,4
lmfao,4
ali,4
collection,4
pen,4
remains,4
responds,4
ages,4
hmmm,4
normally,4
robbed,4
trash,4
aboard,4
stock,4
threatened,4
messing,4
cruise,4
inefficient,4
promising,4
favor,4
cramped,4
lh,4
awkward,4
forgive,4
newyork,4
consideration,4
smoothly,4
brothers,4
thomas,4
owner,4
ignore,4
idiot,4
google,4
refuel,4
bro,4
remote,4
insulting,4
booze,4
clarification,4
letsgo,4
notimpressed,4
repeat,4
functioning,4
misleading,4
played,4
pile,4
jets,4
patiently,4
chocolate,4
arrange,4
kit,4
jeff,4
chill,4
shirt,4
rented,4
donation,4
galley,4
alternatives,4
alive,4
nocustomerservice,4
dial,4
accordingly,4
duty,4
fave,4
problemss,4
dpt,4
average,4
expedited,4
refundable,4
hide,4
force,4
falls,4
oversold,4
experiencing,4
considered,4
rant,4
woo,4
sop,4
pet,4
fr,4
entering,4
menu,4
supposedly,4
incorrect,4
storms,4
sayin,4
parent,4
tab,4
incorrectly,4
dep,4
equally,4
uniform,4
loc,4
punta,4
cana,4
linked,4
rushed,4
treats,4
specifically,4
unaware,4
subpar,4
headache,4
corrected,4
sydney,4
sticking,4
rudest,4
midland,4
approved,4
movies,4
boeing,4
bitch,4
hoped,4
comments,4
feed,4
locked,4
shannon,4
lowest,4
forms,4
priced,4
identical,4
honored,4
dang,4
passing,4
internal,4
flyunited,4
moments,4
functionality,4
cheated,4
rudeness,4
highlight,4
holy,4
entirely,4
boat,4
disorganized,4
cr,4
nicer,4
packages,4
proceed,4
anamarketers,4
birth,4
clever,4
allows,4
temp,4
profile,4
streaming,4
waits,4
hero,4
signal,4
reflect,4
integration,4
ohio,4
interaction,4
arizona,4
wn,4
rethinking,4
daytona,4
signs,4
aruba,4
telephone,4
color,4
elderly,4
jamaica,4
nolove,4
battery,4
photos,4
holdup,4
az,4
photography,4
maiden,4
coupons,4
spirit,4
doug,4
servicing,4
indianapolis,4
disrespectful,4
complicated,4
cxld,4
students,4
stories,4
crowd,4
amex,4
paypal,4
gracias,4
rid,4
videos,4
bestairline,4
ragandisney,4
recovery,4
wknd,4
kicking,4
guest,4
bloody,4
require,4
ahhhh,4
letters,4
tryin,4
film,4
txt,4
mt,4
runways,4
create,4
balls,4
deplorable,4
pooling,4
madness,4
sc,4
deny,4
um,4
nassau,4
jetbae,4
gladly,4
glass,4
surely,4
opposite,4
idk,4
odds,4
perks,4
yest,4
gorgeous,4
sunshine,4
circle,4
brandloveaffair,4
havent,4
release,4
glasses,4
nasdaq,4
loosing,4
dl,4
div,4
seven,4
lovejetblue,4
hopes,4
choices,4
comm,4
fed,4
nvr,4
italy,4
marie,4
anybody,4
style,4
picks,4
frustrations,4
flightaware,4
inconvenienced,4
oneworld,4
ma,4
cincy,4
drunks,4
sabre,4
kphl,4
phil,4
dividends,4
lodging,4
fear,4
usairsucks,4
dozens,4
srvc,4
jeanine,4
yousuck,4
cho,4
yuma,4
logistics,4
neptune,4
assult,4
revs,4
goodbye,4
aggressive,3
faces,3
men,3
hats,3
worstflightever,3
roasted,3
downtown,3
blew,3
entertaining,3
julie,3
andrews,3
modify,3
neverflyvirginforbusiness,3
distribution,3
scanned,3
prince,3
appointments,3
peeps,3
apt,3
version,3
butt,3
reputation,3
hotline,3
indicates,3
dude,3
spoiled,3
sunset,3
refreshed,3
browsers,3
southwestair,3
rec,3
dance,3
wing,3
recline,3
pros,3
precipitation,3
refusing,3
unusable,3
sanfrancisco,3
painless,3
woaw,3
shares,3
arms,3
mayweatherpacquiao,3
ordered,3
soooo,3
dislike,3
winds,3
noooo,3
urgent,3
cancer,3
momma,3
duffle,3
soft,3
challenge,3
pink,3
mood,3
lighting,3
celebrating,3
atx,3
gesture,3
ploughs,3
lone,3
furrow,3
middleeast,3
channel,3
heaven,3
wings,3
announces,3
xweekly,3
consumers,3
mph,3
minneapolis,3
waived,3
town,3
deicing,3
eri,3
hugely,3
hop,3
glasgow,3
au,3
ta,3
logic,3
gee,3
repeatedly,3
terminals,3
newly,3
instructed,3
regulations,3
expense,3
expenses,3
codeshare,3
disabled,3
flex,3
plague,3
improvement,3
complained,3
roger,3
buddies,3
unitedflightsever,3
resolutions,3
repeated,3
neglect,3
legitimate,3
unrelate,3
continually,3
tourist,3
french,3
indication,3
bot,3
quoted,3
remembered,3
dms,3
recommended,3
completed,3
thanx,3
fend,3
taxis,3
skiing,3
bright,3
pack,3
centers,3
addtl,3
stall,3
rearrange,3
ethiopia,3
frigid,3
unscheduled,3
sandwich,3
quiet,3
suspect,3
investigated,3
madrid,3
mass,3
displayed,3
grk,3
fairs,3
reinstated,3
christmas,3
secured,3
greetings,3
vice,3
eagle,3
tool,3
saver,3
voided,3
argument,3
shaking,3
committed,3
etihad,3
isis,3
blocked,3
ms,3
assisting,3
musicians,3
tuned,3
deaf,3
president,3
dublin,3
pjs,3
confidence,3
woke,3
coworker,3
replies,3
settled,3
saga,3
preboarding,3
kick,3
compared,3
bkk,3
collect,3
formally,3
handler,3
pointless,3
stunning,3
piss,3
fake,3
deplaning,3
pray,3
slightly,3
altitude,3
drops,3
milan,3
jj,3
terribleservice,3
blatant,3
wreck,3
ons,3
groups,3
hopeless,3
solutions,3
attempted,3
snowstorm,3
peace,3
filling,3
inept,3
fucken,3
frontrunner,3
charm,3
performing,3
stayed,3
regards,3
sunglasses,3
singapore,3
bull,3
happycustomer,3
timing,3
otis,3
irresponsible,3
sympathetic,3
paulo,3
rcvd,3
comedy,3
ain,3
discover,3
voicemail,3
inaccurate,3
resolving,3
educate,3
gnv,3
intention,3
practices,3
sjo,3
cdg,3
winterstorm,3
gettin,3
arrogant,3
fewer,3
overflight,3
seg,3
siting,3
separated,3
radio,3
continuous,3
disgruntled,3
screaming,3
competitor,3
talks,3
carryons,3
strongly,3
renting,3
allowance,3
grandfather,3
tick,3
approaching,3
pants,3
empathy,3
calendar,3
delete,3
happier,3
priceless,3
thread,3
eco,3
purchasing,3
shoulder,3
pressurization,3
cnx,3
checkpoint,3
throw,3
immediate,3
visible,3
guidelines,3
taxing,3
shouldhaveflowndelta,3
clarify,3
conversations,3
bk,3
nt,3
tks,3
border,3
trvl,3
tour,3
finds,3
appreciation,3
perk,3
jeokoo,3
solo,3
exclusively,3
qantas,3
cruel,3
flattering,3
legit,3
increase,3
speaks,3
approx,3
buddy,3
regardless,3
inch,3
directtv,3
transit,3
activities,3
culture,3
livid,3
opal,3
woven,3
murdering,3
pens,3
internationally,3
turnaround,3
individual,3
oz,3
concept,3
econ,3
submitting,3
carried,3
competent,3
catered,3
vital,3
guessing,3
hole,3
nothin,3
celebrate,3
backlog,3
expedia,3
difficulties,3
upgrading,3
advised,3
downhill,3
orbitz,3
dub,3
inevitable,3
greedy,3
noted,3
cp,3
scollegelondon,3
jailbreak,3
rag,3
columbia,3
situations,3
cheer,3
explanations,3
ordeal,3
notgoodenough,3
pound,3
blankets,3
verify,3
improved,3
bye,3
pia,3
quit,3
blowing,3
transfers,3
beware,3
memory,3
base,3
beg,3
isn,3
waivers,3
frontier,3
combine,3
harsh,3
entitled,3
reeks,3
vomit,3
indicated,3
reminding,3
expiring,3
enjoyable,3
path,3
relief,3
warmth,3
sentiment,3
regional,3
friendliest,3
tokyo,3
mn,3
clarifying,3
thousand,3
stow,3
pnr,3
smisek,3
aw,3
exceptions,3
mouse,3
rubber,3
issuing,3
hug,3
hangar,3
prem,3
janet,3
xdaily,3
erj,3
entry,3
dawn,3
sobewff,3
lights,3
resulting,3
stepping,3
ont,3
uncaring,3
pro,3
shots,3
perth,3
nxt,3
evry,3
mht,3
multi,3
lb,3
silence,3
stars,3
moon,3
argentina,3
typo,3
pleasantly,3
replied,3
flexibility,3
awake,3
shipped,3
nothanks,3
promptly,3
pretend,3
lounges,3
irritating,3
err,3
travellers,3
stillwaiting,3
slip,3
overseas,3
koa,3
registered,3
stopping,3
accomplished,3
batting,3
boys,3
procedures,3
hardworking,3
capital,3
reinstate,3
invite,3
fallow,3
health,3
guaranteed,3
math,3
metro,3
laugh,3
nonexistent,3
insufficient,3
sub,3
par,3
tears,3
certificates,3
cats,3
apparent,3
blown,3
nicest,3
technology,3
coworkers,3
cert,3
storage,3
knees,3
windows,3
wrap,3
precious,3
troubleshoot,3
volumes,3
court,3
hashtag,3
warnings,3
previously,3
equal,3
payed,3
headaches,3
federal,3
fella,3
presented,3
dining,3
hometown,3
hypocrisy,3
replaced,3
captive,3
jane,3
input,3
disappear,3
hidden,3
protect,3
asks,3
ferry,3
inbox,3
honoring,3
assignments,3
outdated,3
myers,3
ups,3
durango,3
improvements,3
meantime,3
survive,3
stays,3
proactive,3
americanair,3
budget,3
pregnant,3
processing,3
ffl,3
cocktail,3
taylor,3
vallarta,3
honey,3
checks,3
finger,3
runs,3
france,3
affordable,3
urgently,3
receipts,3
lynn,3
cb,3
nephew,3
lindsey,3
principle,3
larger,3
nonprofit,3
husbands,3
peanut,3
combination,3
texting,3
luvswa,3
capacity,3
closes,3
entertain,3
proving,3
locals,3
apologizing,3
cellphone,3
stops,3
intercom,3
chg,3
rudely,3
flgt,3
scene,3
unveils,3
series,3
triple,3
robot,3
knowledge,3
athlete,3
tue,3
huntsville,3
miracle,3
carpet,3
sons,3
amazed,3
homeless,3
unpleasant,3
props,3
project,3
soaked,3
comped,3
boycott,3
impression,3
goin,3
seatac,3
wld,3
relax,3
concert,3
sudden,3
restroom,3
el,3
paso,3
coordinate,3
craziness,3
stations,3
wheelsup,3
portion,3
opinion,3
colleague,3
insist,3
winterweather,3
jumped,3
horror,3
sleet,3
condition,3
divert,3
soul,3
range,3
rip,3
buyer,3
rn,3
arrivals,3
jacquie,3
plitt,3
unhappycustomer,3
refer,3
laws,3
steal,3
srsly,3
gosh,3
xx,3
gogo,3
happiness,3
vaca,3
android,3
cattle,3
jason,3
gng,3
weekends,3
carolina,3
rescue,3
gotcha,3
bathrooms,3
gmail,3
hrl,3
oversize,3
chart,3
forgotten,3
protocol,3
logo,3
agt,3
mvp,3
understands,3
physically,3
filing,3
whoa,3
giant,3
stewardesses,3
flowers,3
swadiversity,3
mardigras,3
sooo,3
display,3
flysouthwest,3
behavior,3
babies,3
bike,3
communicated,3
covered,3
test,3
imo,3
rocked,3
gsp,3
separately,3
starving,3
tul,3
bummed,3
caller,3
attitudes,3
hangup,3
inability,3
staffing,3
jetbluesofly,3
uvf,3
westchester,3
redirect,3
discovered,3
stealing,3
blank,3
toledo,3
sm,3
lord,3
community,3
managers,3
awww,3
woof,3
charter,3
joanna,3
specified,3
maimi,3
testing,3
terms,3
geeks,3
forecast,3
disorganization,3
apologizes,3
untz,3
syracuse,3
pics,3
hayes,3
endless,3
srq,3
jetbluerocks,3
lil,3
port,3
protection,3
coke,3
flite,3
praise,3
chs,3
mercy,3
marathon,3
ping,3
likelihood,3
trading,3
reality,3
dare,3
diverting,3
lovesongfriday,3
classes,3
tb,3
crewmember,3
island,3
pictures,3
angel,3
sys,3
qualify,3
coverage,3
physical,3
unwilling,3
ish,3
convo,3
vacations,3
youth,3
bottle,3
sensitive,3
greatest,3
exists,3
paint,3
safetyfirst,3
crewmembers,3
rings,3
registration,3
challenging,3
breast,3
citizen,3
utterly,3
grace,3
bougth,3
mc,3
basket,3
vm,3
argued,3
detailed,3
chairmans,3
shock,3
derrick,3
bussey,3
eyw,3
kim,3
cargo,3
nbr,3
wd,3
restrictions,3
gainesville,3
pst,3
sauce,3
onholdwith,3
goingforgreatnessfail,3
gso,3
unload,3
housing,3
contingency,3
unusual,3
colleagues,3
xna,3
faulty,3
cherry,3
crowded,3
horriblecustomerservice,3
joined,3
diversion,3
callers,3
onhold,3
sean,3
billing,3
fresno,3
bout,3
appreciates,3
manch,3
faithful,3
es,3
meds,3
inferior,3
mastercard,3
yell,3
parker,3
provides,3
notmyfault,3
deadhead,3
cot,3
rampers,3
sexual,3
wichita,3
mce,3
veers,3
auh,3
worstcustomerserviceever,3
fourth,3
envoy,3
cnn,3
pounds,3
ho,3
evoucher,3
alternative,3
mtg,3
cll,3
centre,3
billions,3
badmgmt,3
hoops,3
blast,2
obnoxious,2
ear,2
gentleman,2
amazingly,2
permanently,2
maneuver,2
vibe,2
moodlitmonday,2
sciencebehindtheexperience,2
moodlighting,2
los,2
angeles,2
mountains,2
spotify,2
gaga,2
carrie,2
meh,2
tables,2
floors,2
films,2
sneaky,2
tripping,2
represents,2
beautifully,2
compatible,2
delighted,2
intern,2
xoxo,2
creates,2
anxiety,2
princesshalf,2
css,2
investor,2
inquired,2
restr,2
thrown,2
goodness,2
killed,2
mac,2
subsequent,2
silicon,2
shift,2
impending,2
sentinel,2
gratitude,2
luxuries,2
female,2
doctor,2
seatbelt,2
exceed,2
forecasts,2
profitability,2
sorrynotsorry,2
sanity,2
comps,2
assets,2
battling,2
freyasfund,2
stunned,2
portfolio,2
jkf,2
rockstar,2
demo,2
ourprincess,2
adore,2
mere,2
product,2
digging,2
singer,2
squared,2
avis,2
yummy,2
hair,2
kewl,2
bounce,2
donkey,2
integrate,2
boom,2
slots,2
caffeine,2
intro,2
returns,2
chng,2
refreshing,2
apr,2
expanding,2
sandiego,2
nerdbird,2
frequency,2
lock,2
tailwind,2
bff,2
steel,2
hotspot,2
grouping,2
exposed,2
cus,2
definitive,2
reclining,2
bonuses,2
enroll,2
potentially,2
nonrefundable,2
flawed,2
adult,2
recheck,2
loaner,2
inop,2
awhile,2
austrian,2
colo,2
avoided,2
addresses,2
disability,2
grp,2
considerable,2
sp,2
construction,2
os,2
wc,2
surly,2
folk,2
hmm,2
informative,2
booted,2
unaccompanied,2
bench,2
hannah,2
surgeries,2
remorse,2
obvious,2
intact,2
systemwide,2
tides,2
tide,2
coasts,2
prepares,2
reduce,2
panic,2
steve,2
politely,2
convenient,2
iceland,2
disrupted,2
requests,2
lusaka,2
transatlantic,2
sti,2
season,2
holiday,2
frankly,2
defines,2
runaround,2
kul,2
bg,2
solving,2
bergstrom,2
screws,2
consolation,2
challenges,2
publicly,2
phn,2
mammoth,2
reviewed,2
impress,2
holidays,2
cpap,2
patterns,2
beverage,2
refueling,2
ward,2
sked,2
resulted,2
prevented,2
advising,2
fro,2
projects,2
dispatch,2
adjacent,2
pj,2
wastedtime,2
reno,2
behalf,2
laughed,2
thanked,2
goodenoughmother,2
cared,2
agnt,2
threatens,2
permission,2
rps,2
overwhelmed,2
upload,2
goodnight,2
searched,2
bom,2
rookie,2
bio,2
placing,2
kevin,2
enuf,2
belfast,2
raising,2
rtb,2
communicationfail,2
reaches,2
clearing,2
art,2
reuniting,2
recovering,2
measure,2
max,2
epicfailunited,2
mos,2
winston,2
gains,2
wiped,2
thrilled,2
slowly,2
jimmy,2
samartzis,2
surf,2
desert,2
remedy,2
stillnobags,2
pt,2
stndby,2
conveniently,2
duped,2
extent,2
urgency,2
focused,2
bulkhead,2
medal,2
reunion,2
unnecessarily,2
overselling,2
compliant,2
cushion,2
yyj,2
av,2
senior,2
supporting,2
timco,2
shoe,2
unsafe,2
shanghai,2
shes,2
fritz,2
verbal,2
confirmations,2
complains,2
taiwan,2
averted,2
beers,2
prize,2
injured,2
roadwarrior,2
preferably,2
intended,2
flierfriendly,2
supplies,2
brussels,2
joking,2
birthdate,2
noservice,2
reissued,2
jx,2
applying,2
timeliness,2
condescending,2
chk,2
barbara,2
downgraded,2
savings,2
freaked,2
inefficiency,2
interior,2
cking,2
rollers,2
removed,2
welldone,2
goodflight,2
caned,2
bait,2
mnl,2
clicked,2
resources,2
bounced,2
tryna,2
seriousness,2
liars,2
maui,2
flightfail,2
shits,2
colombia,2
spotty,2
quote,2
trace,2
hourdelay,2
excellence,2
kci,2
intent,2
misses,2
horrific,2
contents,2
shirts,2
fueled,2
attentiveness,2
compare,2
bohol,2
nm,2
cebu,2
educational,2
uncle,2
cos,2
mechanic,2
fax,2
clutch,2
mike,2
packing,2
retain,2
explore,2
ensuring,2
sunrise,2
describing,2
decline,2
ers,2
spots,2
inconvience,2
convince,2
alwayslate,2
bots,2
pgh,2
invest,2
wk,2
pres,2
centricity,2
astounding,2
sisters,2
unsure,2
ap,2
ashley,2
toddlers,2
jackson,2
misfortune,2
copilot,2
ouch,2
rubbish,2
meaningful,2
processed,2
oversized,2
defend,2
maine,2
smoothest,2
affect,2
violation,2
maintained,2
flightledflight,2
ywg,2
volunteers,2
gay,2
recovered,2
tock,2
spelled,2
consistency,2
citing,2
adopted,2
occur,2
hep,2
skilled,2
western,2
hemisphere,2
belong,2
bogot,2
pointed,2
earliest,2
leadership,2
curiosity,2
pin,2
noticing,2
edinburgh,2
disappears,2
courier,2
ramps,2
danger,2
asia,2
korea,2
alerted,2
flip,2
begins,2
populate,2
build,2
ottawa,2
ruin,2
unitedairlinessucks,2
doo,2
feces,2
sprinkled,2
monitoring,2
unbelievably,2
deciding,2
bangkok,2
accommodation,2
acknowledgment,2
foreign,2
airborne,2
hacks,2
jokers,2
mis,2
hah,2
rage,2
relaxing,2
investigate,2
tagged,2
closet,2
hurry,2
stepped,2
gpu,2
cases,2
stream,2
travelocity,2
suffering,2
offensive,2
legally,2
rated,2
skin,2
horribleservice,2
yow,2
firstworldproblems,2
refrain,2
cnxn,2
unimpressed,2
unlikely,2
overheating,2
preflight,2
dreamliner,2
breakdown,2
events,2
millions,2
somewhat,2
draft,2
explaining,2
context,2
connects,2
irrops,2
junk,2
raised,2
led,2
blocking,2
block,2
wheelchairs,2
mgr,2
counted,2
observe,2
compensating,2
deodorant,2
shampoo,2
prom,2
flyerfriendly,2
looong,2
satisfactory,2
rhonda,2
movement,2
filthy,2
disinfectant,2
cldnt,2
developers,2
morn,2
huston,2
preference,2
troubling,2
phenomenal,2
values,2
insulted,2
royally,2
boots,2
doubtful,2
covering,2
humour,2
pedro,2
assure,2
vp,2
custexp,2
cable,2
ops,2
festivities,2
difficulty,2
makeup,2
contains,2
earning,2
outsourcing,2
frequentflyer,2
afraid,2
yuck,2
inspected,2
pita,2
herman,2
relayed,2
chief,2
curbside,2
smells,2
satisfied,2
bgm,2
typically,2
gluten,2
supervisors,2
rare,2
gfc,2
screenshot,2
panamerican,2
teams,2
vicky,2
rotten,2
standbys,2
brian,2
liable,2
arguing,2
luggages,2
remaining,2
wayne,2
misinformation,2
damages,2
fwiw,2
recognition,2
flipped,2
swiss,2
significantly,2
resend,2
handy,2
historical,2
afterall,2
mix,2
wins,2
clockwork,2
puppy,2
conection,2
awesomeness,2
conveyer,2
unanticipated,2
num,2
partly,2
followback,2
reassign,2
everybody,2
slight,2
sir,2
contd,2
menus,2
losers,2
wave,2
chain,2
naming,2
unhappytraveler,2
rolling,2
narita,2
motel,2
lo,2
cream,2
standbye,2
potential,2
zz,2
waitlisted,2
jim,2
burn,2
fo,2
ticked,2
businessfirst,2
shrug,2
education,2
smaller,2
jam,2
concentrate,2
spite,2
believing,2
jun,2
papers,2
craft,2
unsympathetic,2
mails,2
queues,2
swapping,2
char,2
dissatisfaction,2
flow,2
betting,2
hd,2
settle,2
z,2
privileges,2
cloud,2
ru,2
slower,2
capable,2
overcharged,2
hoo,2
complaining,2
downgrading,2
selections,2
grouchy,2
nap,2
oregon,2
reminds,2
ams,2
youareonyourown,2
logging,2
antigua,2
burbank,2
rear,2
crashes,2
abused,2
instagram,2
inquire,2
ailing,2
employer,2
busiest,2
expedient,2
dispatcher,2
trick,2
gogh,2
relevant,2
ramada,2
angrycustomer,2
beating,2
stranger,2
wht,2
appeared,2
ruth,2
rez,2
abroad,2
recap,2
goods,2
grab,2
sue,2
couldn,2
jerk,2
hoot,2
turkish,2
clouds,2
breach,2
counters,2
slapintheface,2
fu,2
despicable,2
lookin,2
thirty,2
dmd,2
negative,2
cushions,2
tnx,2
remotely,2
shenanigans,2
prevention,2
condom,2
rito,2
anchorage,2
protected,2
dominican,2
sorta,2
energy,2
tkts,2
began,2
determined,2
overpriced,2
overflowed,2
luxurious,2
explains,2
includes,2
reads,2
creative,2
trains,2
beneficial,2
motto,2
staffer,2
grown,2
yards,2
reduced,2
amateurish,2
customerexperience,2
dispute,2
increasing,2
communicating,2
scratching,2
referral,2
loud,2
finals,2
shuffle,2
rapids,2
mailing,2
dramatically,2
package,2
ilc,2
hp,2
atleast,2
helpless,2
shades,2
upgd,2
neworleans,2
appalling,2
miriam,2
montego,2
masters,2
smf,2
shoddy,2
stone,2
consumer,2
thparty,2
associated,2
fields,2
flashlight,2
neighbors,2
smoking,2
humiliating,2
serves,2
bourbon,2
bold,2
savethediagonals,2
satisfaction,2
born,2
india,2
ooh,2
nofun,2
convinced,2
qualifies,2
amsterdam,2
posting,2
surrounding,2
gents,2
frank,2
decency,2
debating,2
speeds,2
oc,2
toiletries,2
wandered,2
pointing,2
distance,2
bizarre,2
outage,2
bandwidth,2
hubs,2
fab,2
delight,2
shoulders,2
cld,2
swag,2
incl,2
overheard,2
greater,2
btwn,2
torture,2
pe,2
heartbroken,2
mp,2
teaching,2
research,2
loooooong,2
prev,2
ding,2
firefox,2
swell,2
sweetheart,2
bestflightever,2
perfectly,2
vacay,2
expiration,2
magically,2
solid,2
length,2
tourists,2
carol,2
science,2
largest,2
vineyard,2
worthy,2
entrance,2
shifts,2
tip,2
hail,2
badpolicy,2
theft,2
uncool,2
partnerships,2
filmjobnoequipment,2
tus,2
allergy,2
ann,2
sweepstakes,2
vinyl,2
sass,2
professionals,2
honesty,2
strip,2
stoked,2
kelsey,2
bellagio,2
destinationdragon,2
earlybird,2
television,2
prioritize,2
dice,2
hooking,2
station,2
genius,2
dnt,2
sld,2
orangecounty,2
uxzj,2
fri,2
equip,2
linking,2
pleaseeee,2
fron,2
allergic,2
ignores,2
oil,2
websites,2
soaking,2
existence,2
passive,2
workaround,2
athletes,2
youve,2
alt,2
inconsistent,2
mates,2
canx,2
discontinued,2
memorial,2
combined,2
subscribe,2
slowing,2
opposed,2
chaotic,2
smashed,2
zoom,2
msgs,2
boooo,2
gent,2
flyswa,2
denverairport,2
noexcuses,2
tear,2
justsaying,2
arkansas,2
specials,2
tfw,2
holds,2
alex,2
asshole,2
orl,2
tips,2
blames,2
suitcases,2
priorities,2
iflyswa,2
laughing,2
valentines,2
diabetic,2
grabbed,2
trees,2
avon,2
rating,2
sanitizer,2
blackhistorymonth,2
musician,2
recruiting,2
bravo,2
tn,2
letdown,2
forgiven,2
alas,2
wounded,2
sooooo,2
particular,2
unorganized,2
skip,2
corner,2
pleasehelp,2
tld,2
mouth,2
kay,2
nogood,2
que,2
invited,2
cockpit,2
tmw,2
backroads,2
competitors,2
pulse,2
batteries,2
dale,2
waitin,2
gun,2
sally,2
handing,2
clarence,2
sanitized,2
troubadour,2
salted,2
vote,2
purely,2
horse,2
codes,2
intend,2
graduate,2
bless,2
gal,2
cap,2
labor,2
acknowledgement,2
bestairlineever,2
draws,2
enforcing,2
forfeited,2
larry,2
isp,2
bestfriends,2
repeating,2
tarmack,2
wx,2
provo,2
accommodated,2
betsy,2
besty,2
memo,2
buttons,2
lined,2
eb,2
perform,2
cng,2
execution,2
nvm,2
fairly,2
setting,2
southwestrally,2
bestemployees,2
swaculture,2
addressing,2
singing,2
reviewing,2
instruments,2
rocking,2
nas,2
sjd,2
malfunctioning,2
dialup,2
childish,2
remain,2
yearly,2
raving,2
glitches,2
ctr,2
intelligent,2
enterprise,2
thaw,2
aside,2
ga,2
knoxville,2
monthly,2
eligible,2
woohoo,2
threatening,2
specifics,2
personalized,2
snapchat,2
curb,2
postcode,2
ireland,2
fs,2
sing,2
expedite,2
announcing,2
lemme,2
university,2
craving,2
jackass,2
caribbean,2
ld,2
development,2
forecasted,2
cried,2
displeased,2
winner,2
amazon,2
plug,2
unloaded,2
emp,2
phi,2
reddit,2
bigger,2
dick,2
shorts,2
interviews,2
wasn,2
pieces,2
reopens,2
swamped,2
store,2
tulsa,2
spilled,2
grades,2
lodge,2
routed,2
callbacks,2
unspecified,2
guidance,2
imma,2
valentine,2
insight,2
alleviate,2
modifications,2
geg,2
answerthephone,2
jetbluebos,2
george,2
org,2
readers,2
formula,2
opt,2
county,2
noplacelikehome,2
setup,2
syr,2
comfortably,2
lag,2
infants,2
establish,2
rebooks,2
possibility,2
thy,2
redemption,2
wut,2
rely,2
chips,2
staring,2
rectified,2
investors,2
fustrated,2
brands,2
nytimes,2
tweeter,2
reconsidering,2
pitt,2
drawing,2
debit,2
strollers,2
ems,2
environment,2
maddening,2
robert,2
attended,2
sittin,2
pure,2
tim,2
selfies,2
measured,2
ricoh,2
emv,2
younger,2
reactions,2
dissapointed,2
bqn,2
costumers,2
sj,2
preciate,2
essentially,2
stairs,2
jetbluefail,2
criminal,2
bluecarpet,2
perspective,2
expressed,2
hawaiian,2
justify,2
newburgh,2
alcohol,2
league,2
gracious,2
umosaicmecrazy,2
autoresponse,2
ideal,2
wat,2
direction,2
woulda,2
upstate,2
scheme,2
bumper,2
controllers,2
minimum,2
pandora,2
relationships,2
rum,2
goodcustomerservice,2
morrow,2
charles,2
pig,2
predicted,2
warmer,2
folding,2
regularly,2
jumping,2
earthquake,2
wsj,2
dakota,2
vetr,2
foolish,2
beverages,2
corevalues,2
passion,2
aerojobmarket,2
nigga,2
mideast,2
nov,2
bein,2
cal,2
burger,2
dec,2
lucia,2
joe,2
escape,2
cheesy,2
lay,2
smart,2
finder,2
sis,2
dre,2
taxiing,2
slide,2
truebluelove,2
sleekmoney,2
bucket,2
sounded,2
broadway,2
ardent,2
poughkeepsie,2
wkrb,2
schedules,2
havana,2
slowest,2
scenario,2
camp,2
carsl,2
jetblueblues,2
capture,2
patronizing,2
gangway,2
al,2
heated,2
disappoints,2
pages,2
ruins,2
doke,2
legacy,2
telephones,2
roll,2
marked,2
geez,2
needcoffee,2
rifle,2
transferable,2
diversions,2
brazil,2
sexy,2
closepwcs,2
festival,2
attendees,2
doll,2
allergies,2
sand,2
skytrax,2
sch,2
dads,2
relatives,2
ath,2
postpone,2
registers,2
fool,2
applicable,2
engaging,2
badge,2
susan,2
depends,2
hotter,2
celebrates,2
blumanity,2
brushing,2
applepay,2
kate,2
delicious,2
participate,2
accused,2
warehouse,2
targeting,2
delivering,2
backpack,2
oui,2
quoting,2
generated,2
painted,2
navy,2
learning,2
asset,2
weighs,2
deedee,2
pho,2
iowa,2
diamond,2
pump,2
referred,2
impressions,2
reverse,2
spelling,2
employ,2
flaw,2
insanity,2
chkd,2
flexible,2
army,2
shortcomings,2
wrongfully,2
weary,2
transf,2
dividendrewards,2
dividendmiles,2
cardholder,2
established,2
mitchell,2
argue,2
unmonitored,2
rachel,2
airway,2
misunderstood,2
owes,2
tammy,2
jealous,2
mel,2
sticker,2
endlessly,2
gatwick,2
publicity,2
involve,2
lists,2
plot,2
proactively,2
thanku,2
chosen,2
bora,2
finnair,2
affecting,2
gloves,2
elaborate,2
wannagohome,2
differently,2
clown,2
russia,2
patrick,2
likes,2
inconsiderate,2
managing,2
offload,2
instructions,2
poorplanning,2
southern,2
sav,2
transported,2
compliments,2
plains,2
lexington,2
brokenpromises,2
elm,2
grounds,2
locating,2
rumors,2
shameonyou,2
preventing,2
breath,2
bgr,2
behave,2
realistic,2
baggages,2
nocrew,2
cha,2
rivets,2
na,2
overhaul,2
brush,2
fm,2
assholes,2
havoc,2
aggravating,2
overwhelming,2
pops,2
exercise,2
miserably,2
cots,2
gifts,2
processes,2
midght,2
des,2
moines,2
abandoned,2
followers,2
ow,2
emerald,2
dumped,2
twins,2
depending,2
hve,2
flght,2
recorded,2
tamara,2
aal,2
dedicated,2
sapphire,2
represent,2
quarter,2
prepare,2
wasteoftime,2
lawsuit,2
jammed,2
opportunities,2
bttr,2
sync,2
comms,2
weds,2
flightedflight,2
yvonne,2
burning,2
dismissive,2
thks,2
scotch,2
worstflight,2
execplat,2
embarrassment,2
occupied,2
baggagelost,2
fuk,2
scattered,2
backwards,2
accts,2
roberto,2
evenlate,2
eliz,2
amateur,2
myrtle,2
transactions,2
tsaprecheck,2
prompts,2
desired,2
pity,2
ignorant,2
blizzard,2
occasions,2
upsetting,2
requiring,2
spf,2
itin,2
secret,2
disruptions,2
leads,2
fate,2
shld,2
cycles,2
eh,2
waivethefee,2
versus,2
uncalled,2
gray,2
closing,2
hat,2
hsv,2
oy,2
senseless,2
thenewamerican,2
pets,2
manners,2
dialing,2
nitrogen,2
fligt,2
advisories,2
tyr,2
outta,2
hs,2
platitudes,2
embassy,2
suites,2
herndon,2
tcf,2
abilities,2
apologise,2
swear,2
dialogue,2
abi,2
clueless,2
react,2
gunna,2
swu,2
yikes,2
aafail,2
buses,2
loop,2
shafted,2
lima,2
buenos,2
btr,2
wudda,2
nbc,2
meelan,2
chnge,2
pn,2
deflator,2
chapter,2
amm,2
shawn,2
orange,2
lan,2
lacked,2
mxp,2
goingforgreat,2
shortage,2
fas,2
numerical,2
automatic,2
iberia,2
oaaret,2
witnessed,2
tisk,2
westjet,2
arent,2
sample,2
txfd,2
ticks,2
mentions,2
sizer,2
breeze,2
cincinnati,2
spectacular,2
taste,2
teco,2
refsd,2
deane,2
norma,2
sedholm,2
neglected,2
ky,2
tacky,1
worm,1
parody,1
graphics,1
minimal,1
iconography,1
seductive,1
daystogo,1
graphic,1
hipster,1
vents,1
noair,1
sfotobos,1
noob,1
sendambien,1
andchexmix,1
bked,1
moodlight,1
calming,1
hollywood,1
bid,1
travelhelp,1
elevategold,1
tribute,1
soundofmusic,1
guiltypleasures,1
carrieunderwood,1
martin,1
classics,1
heyyyy,1
guyyyys,1
loft,1
cmfat,1
doom,1
supp,1
flightattendant,1
dreampath,1
begrudgingly,1
neverflyvirgin,1
avatars,1
kitty,1
disproportionate,1
jperhi,1
rnp,1
nomorevirgin,1
redesign,1
ressie,1
raeann,1
reluctant,1
pleasecomeback,1
naelah,1
built,1
vabeatsjblue,1
lucas,1
likingyoulessandless,1
irmafromdallas,1
backtowinter,1
drivers,1
greyed,1
rang,1
vendor,1
pairings,1
redwineisbetter,1
wonked,1
designated,1
pasengers,1
topnews,1
arab,1
emirates,1
baggageissues,1
eps,1
lister,1
ketr,1
clincher,1
cudtomers,1
persisting,1
stink,1
revue,1
beatstheothers,1
soreback,1
tossed,1
header,1
elevateuser,1
numofpointsavailable,1
diehardvirgin,1
nominated,1
meetthefleet,1
valley,1
disruption,1
fcmostinnovative,1
incubator,1
bubbly,1
spruce,1
moose,1
classiq,1
greetingz,1
rockies,1
airplanemodewason,1
banned,1
selecting,1
dented,1
miranda,1
vodkatonics,1
cruz,1
mpower,1
werin,1
vipswagbags,1
avalonhollywood,1
aesthetics,1
budapest,1
oscarscountdown,1
rise,1
cutest,1
pepper,1
shaker,1
dress,1
posts,1
net,1
javascript,1
stylesheets,1
handily,1
achieves,1
outlook,1
tmm,1
caching,1
links,1
choppy,1
gusty,1
windchill,1
biztravel,1
wifey,1
vday,1
keeper,1
holla,1
debbie,1
baldwin,1
bestcrew,1
sherocks,1
rockstars,1
styling,1
bandie,1
lofty,1
silverstatus,1
transformative,1
uphold,1
taxes,1
statusmatch,1
ws,1
wjere,1
deeply,1
dontdothistome,1
blazer,1
kooples,1
boost,1
conversion,1
etailwest,1
payments,1
promoting,1
noneother,1
vxsafetydance,1
obsessed,1
swanky,1
cabaret,1
dirtiest,1
chinese,1
comenity,1
transactional,1
sugafly,1
accelerate,1
livewelltraveled,1
sytycd,1
strayed,1
brisk,1
sprint,1
dicks,1
giants,1
nwk,1
apostrophe,1
surname,1
apostrophefail,1
tindertips,1
tinderchamp,1
herbal,1
drinker,1
expansion,1
affiliates,1
afiliates,1
dreaming,1
earphone,1
battle,1
backyard,1
competes,1
nerd,1
extortion,1
worrying,1
artisanal,1
pairing,1
minus,1
freeneversucks,1
thestarter,1
paul,1
visors,1
beans,1
segway,1
infographic,1
defiantly,1
scolding,1
myvxexperience,1
apathy,1
wervirgin,1
fargo,1
amazings,1
kickin,1
letsgohome,1
lineup,1
assistant,1
steep,1
gla,1
selects,1
unrealistic,1
beautifull,1
necessity,1
allan,1
kmm,1
km,1
rosetta,1
dan,1
wasappreciated,1
tiredofwaiting,1
executives,1
aeroport,1
availab,1
defibrillator,1
newarkliberty,1
indicate,1
flyingainteasy,1
preexisting,1
reissue,1
shattered,1
ladan,1
latrice,1
inappropriately,1
abbreve,1
tiredofthis,1
measly,1
interim,1
incls,1
unitedbreaksguitars,1
wantmymoneyback,1
telaviv,1
impolite,1
unfamiliar,1
outcome,1
neurosurgery,1
icu,1
zcc,1
mobility,1
accompany,1
starbucks,1
mclarren,1
category,1
controlled,1
pesky,1
screening,1
rozana,1
choosekind,1
eager,1
vision,1
servicedog,1
wtfodds,1
gong,1
enforcement,1
blackmailed,1
nullified,1
umpteen,1
concrete,1
honour,1
hollow,1
pattern,1
localized,1
accountable,1
listens,1
insta,1
produce,1
limits,1
negligent,1
resent,1
pop,1
ridiculousness,1
learncustomerservice,1
literate,1
travelbank,1
recouping,1
yul,1
montreal,1
distress,1
seeking,1
attained,1
unrivalled,1
thaiairways,1
thai,1
pennypincher,1
youcouldntmakethis,1
brokenwheel,1
connolly,1
efficiently,1
disputed,1
saipan,1
guam,1
adventure,1
owed,1
remembering,1
platter,1
abundance,1
getmartyhome,1
shower,1
finalizing,1
burg,1
unforeseeable,1
flightn,1
malaysia,1
kuala,1
lumpur,1
eservice,1
kwm,1
narayanan,1
inquiries,1
equals,1
vein,1
thrombosis,1
connectns,1
hotl,1
waking,1
gonnabealongnight,1
briefings,1
ray,1
xmas,1
razor,1
inconveniently,1
dvt,1
sarcastically,1
nada,1
helpimstuck,1
mismanagement,1
sabe,1
decorum,1
revisiting,1
spoil,1
onboad,1
volt,1
html,1
effing,1
finishes,1
walks,1
encouraged,1
transition,1
ker,1
zambia,1
balancing,1
cyberattack,1
pb,1
statusmatchpaidoff,1
vancouver,1
maryjo,1
trend,1
rebooting,1
shaky,1
comically,1
rim,1
repeatably,1
burgundy,1
loner,1
amenity,1
kits,1
correctness,1
salisbury,1
feat,1
funnycaptain,1
referencing,1
vacatinn,1
devalue,1
dorns,1
delyd,1
gjt,1
cozy,1
helpmeplease,1
anyonethere,1
vail,1
businesstravel,1
inline,1
bagdisgutedindenver,1
demand,1
listing,1
empathizes,1
stclass,1
nonworking,1
entertainmnt,1
mcdonnell,1
douglas,1
mysterious,1
svcs,1
demoted,1
golds,1
spousal,1
reveal,1
bettween,1
droppeditoffyet,1
ceases,1
amaze,1
icloud,1
absurdly,1
albanyairport,1
spaces,1
tsk,1
waives,1
jana,1
acosta,1
alwaysdelayedonunited,1
branson,1
virginatlantic,1
continentalairlines,1
notfair,1
unaccounted,1
possessions,1
levels,1
realistically,1
unpleased,1
panicked,1
rollerboards,1
iove,1
miscalculation,1
aging,1
aspenbaggagefail,1
condo,1
noanswer,1
dedication,1
forum,1
pedophile,1
bass,1
pairs,1
cnxns,1
drone,1
activate,1
mojave,1
pressurecooker,1
heattrap,1
jon,1
descending,1
farce,1
shambles,1
writers,1
missedwork,1
clientnothappy,1
justifiable,1
suffer,1
cvwj,1
kailua,1
refresh,1
mandatory,1
greatly,1
classed,1
tbd,1
usd,1
quotations,1
saves,1
fwa,1
nowhereland,1
adapted,1
noooooooooooooooooooooope,1
occurs,1
sal,1
clo,1
faundation,1
judeo,1
cristian,1
ideologias,1
outsourced,1
knack,1
substandard,1
misconnected,1
temps,1
outdoor,1
unwind,1
linesforever,1
sock,1
plundering,1
jurassic,1
dinosaur,1
farelock,1
laissez,1
faire,1
peopleon,1
electronic,1
precioustime,1
fyvrfn,1
tickt,1
sukhdeep,1
sba,1
waitingonapilot,1
siouxfalls,1
whyairtravelsucks,1
discomfort,1
frustratingly,1
mpagent,1
stretching,1
exhausting,1
robbing,1
travelled,1
scl,1
iha,1
invoice,1
bru,1
sharp,1
pqms,1
pqds,1
doctors,1
venezuela,1
malpensa,1
mar,1
jul,1
rachelle,1
seatback,1
dismissed,1
bounces,1
worstservice,1
clowns,1
campus,1
recognize,1
terri,1
intentional,1
jersey,1
damper,1
iy,1
building,1
agreement,1
hahahahaha,1
begging,1
stamp,1
displaced,1
bouncer,1
fraction,1
affiliate,1
straightend,1
victoria,1
sombrons,1
michelle,1
pssngrs,1
notcomingback,1
fuckinlame,1
befor,1
lastflightwithyouever,1
layout,1
encourage,1
sole,1
blatantly,1
stable,1
mktg,1
branding,1
cxp,1
limbo,1
salvaged,1
lifevests,1
rebecca,1
levi,1
aaaand,1
uggh,1
wmass,1
uplink,1
cousins,1
language,1
walkway,1
airlinesecurity,1
expects,1
nogate,1
belabor,1
maybemange,1
alittlebetter,1
howisthatpossible,1
woeful,1
sponsor,1
friendlysky,1
frauds,1
gottogetbetter,1
tactic,1
advertised,1
bookable,1
ratings,1
heh,1
courrier,1
avalible,1
hotelliving,1
prolly,1
fulfill,1
thailand,1
dis,1
melbourne,1
yb,1
clarita,1
jaramillo,1
mejia,1
doorstep,1
stressors,1
vague,1
strandusindenver,1
hourandtenminutedelay,1
multipledooropeningandclosing,1
dangerofgettingsnowedin,1
dissapointment,1
thanking,1
braving,1
vacate,1
findanothergate,1
acc,1
kansas,1
fedup,1
disastrous,1
unanswered,1
cooker,1
sundays,1
mtgs,1
riot,1
reboot,1
sardine,1
belief,1
safer,1
jeanette,1
thoughtful,1
fsd,1
ktm,1
oscarnight,1
maintenece,1
pales,1
comparison,1
wages,1
improper,1
gills,1
deceptive,1
granting,1
neverflyunited,1
tries,1
claudia,1
mdt,1
ongoing,1
flythefriendlyskies,1
unitedworstever,1
trappedhouston,1
whichisworsedenordfw,1
lungs,1
welcomed,1
grumpykim,1
unbalanced,1
curtesy,1
inpolite,1
nippon,1
subtlety,1
awfulness,1
fixes,1
attitudy,1
viable,1
eqm,1
pqm,1
snobby,1
remarks,1
poker,1
logs,1
nomorecheckedbags,1
givethoseladiesraise,1
extraordinaire,1
seau,1
fong,1
tcmparty,1
ce,1
daysofoscar,1
disspointed,1
fe,1
americanisbetter,1
volkswagen,1
whatacluster,1
fransico,1
evacuated,1
wyoming,1
ndary,1
countries,1
flydeltanexttime,1
govt,1
unitedairlinessux,1
ans,1
synonymous,1
unfair,1
stingiest,1
ptfo,1
bastards,1
stingy,1
fete,1
barrel,1
outfitted,1
miscounting,1
enforce,1
mqxc,1
mpwnc,1
worded,1
funited,1
historically,1
lifeline,1
moderate,1
sector,1
geography,1
flyingwithus,1
lostacustomer,1
yxe,1
aircrafts,1
kxb,1
ml,1
connex,1
reseated,1
bringbackrealstaff,1
earnings,1
dishonoring,1
smoothie,1
rapidly,1
fantasy,1
hiccups,1
smelled,1
japan,1
swipe,1
improvetheprocess,1
inquiry,1
universally,1
retook,1
goose,1
labrador,1
greed,1
characterize,1
jockeying,1
twtr,1
honalulu,1
delayua,1
kauai,1
norway,1
shrugging,1
dependable,1
skyteam,1
helpfulness,1
lastella,1
buzzkill,1
boot,1
emptied,1
distressed,1
startling,1
burst,1
crewe,1
runners,1
miscnx,1
authors,1
fiction,1
realise,1
counts,1
faceless,1
phantom,1
apeared,1
wouldnt,1
hopped,1
winwin,1
mbr,1
assurance,1
russell,1
daiber,1
induce,1
involuntarily,1
newest,1
badbadbad,1
nicole,1
quito,1
makestoomuchsense,1
arose,1
washingtondc,1
dkyde,1
transpired,1
unitedhatesusall,1
hdndl,1
trashy,1
mislead,1
sends,1
outrage,1
ots,1
enertainment,1
bil,1
ea,1
engineer,1
frame,1
unitedagainstunited,1
consequence,1
socket,1
beta,1
restriction,1
bish,1
scream,1
chkout,1
wifihotel,1
european,1
fabrice,1
ggqzqd,1
muc,1
newamericanstinks,1
aircrft,1
ending,1
whereabouts,1
greeeaat,1
scooby,1
manilla,1
unconscionable,1
hepl,1
robotweeting,1
disrespectfully,1
strive,1
actively,1
averaging,1
published,1
redeye,1
avoidable,1
goldentickets,1
draw,1
edge,1
routinely,1
traveller,1
scary,1
impacts,1
weasel,1
nit,1
tryn,1
comping,1
freakin,1
getmeoffrhisfuckinplane,1
progressed,1
outward,1
syd,1
connectfor,1
nolo,1
virtually,1
rentals,1
thman,1
costumerservice,1
jk,1
segs,1
unitedlies,1
threw,1
refueled,1
retards,1
snit,1
compensates,1
swapped,1
zrh,1
lagging,1
threehourslate,1
prescreen,1
makessense,1
immensely,1
airlinegave,1
pounding,1
sandra,1
commented,1
blind,1
handedly,1
blow,1
invoices,1
unitedsucksdick,1
sides,1
unplanned,1
teeth,1
peer,1
copay,1
restrm,1
restating,1
additionally,1
yxu,1
contradictory,1
anaphylaxis,1
needtobehonest,1
electrical,1
interiors,1
whyjeff,1
witness,1
mental,1
walls,1
fred,1
flintstone,1
regrading,1
diligent,1
egregious,1
sam,1
adams,1
usurious,1
capabilities,1
prison,1
arvls,1
custs,1
mga,1
uncontrollably,1
kurt,1
mild,1
poisoning,1
voucherwhatajoke,1
sloppy,1
tagging,1
backing,1
offenders,1
conversational,1
exiting,1
toothpaste,1
rollaboard,1
zones,1
yaayy,1
loudspeaker,1
plowing,1
dies,1
ebola,1
straightened,1
gig,1
rivals,1
wipe,1
wipes,1
stains,1
pins,1
buybacks,1
substitutes,1
munich,1
cowardly,1
hops,1
lostmybusiness,1
disrespected,1
appropriately,1
fakesincerity,1
happyflight,1
angriest,1
angst,1
iest,1
tasha,1
mpls,1
deployment,1
tropic,1
elected,1
appointed,1
mistaken,1
scarf,1
overcharging,1
interviewed,1
recruiter,1
timezones,1
accuratetraveltimes,1
rdtimethishashappened,1
bums,1
swing,1
fairway,1
overlooking,1
ripoffs,1
pricediscrimination,1
cracker,1
bullying,1
workforce,1
hilo,1
geneva,1
spaghetti,1
nonupgrade,1
argueing,1
wakes,1
supply,1
images,1
astounds,1
pssgrs,1
psngrs,1
npbhd,1
poles,1
router,1
fuselage,1
mite,1
bites,1
mites,1
reopen,1
growing,1
puj,1
errored,1
dam,1
sms,1
listened,1
diverged,1
burlington,1
vermont,1
taxies,1
liberty,1
bd,1
proj,1
cond,1
conversed,1
wireless,1
piggy,1
routine,1
nyt,1
airserv,1
contractors,1
calamity,1
lostsuitcase,1
noreimbursement,1
comeonpeople,1
coupled,1
exacerbates,1
bootbag,1
generally,1
unhelpfulness,1
illogical,1
elp,1
emb,1
elpaso,1
teamusa,1
earnedmybusiness,1
cleanliness,1
pek,1
complimenting,1
sobbed,1
worn,1
enoughisenough,1
irreplaceable,1
milestone,1
repaid,1
copa,1
competing,1
bringyourown,1
championship,1
exasperating,1
undergoing,1
touching,1
royal,1
commission,1
connectin,1
nyfw,1
youretheworst,1
mentioning,1
mortified,1
acted,1
lea,1
facts,1
keepingit,1
weaktea,1
coshared,1
weblink,1
avoiding,1
validity,1
underweight,1
everglades,1
faint,1
sunburn,1
saddening,1
wheresthepilot,1
straighten,1
dildo,1
terriblecustomerservice,1
credibility,1
ravioli,1
attendents,1
platinummember,1
marcus,1
unsmiling,1
breezy,1
dtv,1
spin,1
opaque,1
ted,1
lx,1
behaves,1
amy,1
lloyd,1
bosnia,1
cpus,1
proportion,1
goddamn,1
society,1
resting,1
elbows,1
seatmate,1
alavera,1
soda,1
tucking,1
moneynotspentonunited,1
disunited,1
wpg,1
keepit,1
bach,1
untd,1
maintain,1
southbendinwhere,1
lindsay,1
iflyalot,1
launched,1
nws,1
honululu,1
montana,1
refreshments,1
uhuh,1
preemptive,1
friendlyfriday,1
paws,1
blood,1
appt,1
litter,1
waiving,1
resell,1
dimensions,1
dmangen,1
grossed,1
flyingretro,1
gjqx,1
cw,1
inconveniences,1
beingsuckontarmacsucks,1
visibly,1
mainline,1
sato,1
unnerving,1
refreshes,1
dounotwantmybusiness,1
voted,1
title,1
jedediah,1
whatstheholdup,1
chitocle,1
teeming,1
morons,1
railed,1
ethics,1
splitting,1
quadruples,1
trials,1
transcontinental,1
lining,1
accruing,1
depression,1
familiar,1
hopethegearmakesitintact,1
hkg,1
bila,1
workin,1
gently,1
whipped,1
canadaair,1
abuse,1
overcharge,1
privilege,1
tripitpro,1
transparency,1
sarah,1
stocker,1
victim,1
boiled,1
preventative,1
unresolved,1
narrower,1
bloated,1
yyc,1
lightbulb,1
handshake,1
problemsolvers,1
yhz,1
utmost,1
hurricane,1
checkers,1
overkill,1
kathryn,1
sotelo,1
aggravation,1
compton,1
insurance,1
gsa,1
ithica,1
keepingtraditionsalive,1
thanksunited,1
kat,1
tasty,1
pad,1
acts,1
amarillo,1
hn,1
sucking,1
surcharge,1
unmissable,1
bushug,1
format,1
busads,1
thinkbus,1
screensand,1
guilty,1
newflight,1
vegetarian,1
irene,1
paxex,1
mysteriously,1
thinner,1
asses,1
chocked,1
unmet,1
whatgives,1
dullessucks,1
evansville,1
slew,1
boardingpass,1
rad,1
thtime,1
monthsold,1
londonfashionweek,1
lfw,1
cement,1
needtocatchmynextflight,1
alreadyrebookedonce,1
traditions,1
flightdelay,1
nocompensation,1
despise,1
thee,1
dullestostatecollege,1
runningonthreehoursofsleep,1
delayedovernight,1
ambassador,1
tiredandwanttogohome,1
confrontational,1
wating,1
senses,1
stickingtodelta,1
loudly,1
throug,1
dimmed,1
oreos,1
asus,1
wondered,1
reclaim,1
aunts,1
onlyinamerica,1
customerservices,1
transparent,1
rick,1
clifton,1
handbag,1
escorted,1
prebooked,1
und,1
lagos,1
nigeria,1
ou,1
keepitclassy,1
bragged,1
fib,1
vanished,1
idaho,1
anna,1
showsomerespect,1
nawww,1
formed,1
tolerable,1
lastflightofthenight,1
breakup,1
dpted,1
whatstatus,1
spooky,1
spook,1
scare,1
aweful,1
bridgewaitingforbagsunitedewr,1
heretiredcustomer,1
assumed,1
alb,1
ump,1
lugging,1
justgetmehome,1
seek,1
sbn,1
lgjw,1
voluntarily,1
roanoke,1
sous,1
doumented,1
crucial,1
youragentshavenoclue,1
lon,1
illiterate,1
bars,1
msn,1
rx,1
eyeglasses,1
substantial,1
demonstration,1
corny,1
daysofunitedfailures,1
thingafteranother,1
labyrinth,1
swindle,1
accomidating,1
qro,1
alwaysdelayed,1
amt,1
impatience,1
untruthful,1
underserved,1
comedian,1
stage,1
reboard,1
duecto,1
willl,1
snowforce,1
grow,1
surveying,1
nudgenudge,1
vocab,1
donna,1
interrogated,1
poorform,1
thatisall,1
golfunited,1
installed,1
possiable,1
schiphol,1
func,1
byod,1
worksnicely,1
subsequently,1
tennis,1
cantlogoutofunitedwifi,1
logout,1
saddened,1
inchecking,1
netherlands,1
extravaganza,1
ec,1
deaffriendly,1
weighed,1
hime,1
syastem,1
suite,1
keepusguessing,1
isthisyourfirsttry,1
kms,1
cabine,1
sao,1
fsqthg,1
heartless,1
lacking,1
interrupted,1
definately,1
joni,1
orthodoc,1
regains,1
karma,1
sweaty,1
supported,1
il,1
centerl,1
sitters,1
wellplayed,1
jokesonus,1
rechecked,1
uncvsduke,1
areyounew,1
feeltheheat,1
ritz,1
kidnapped,1
sellout,1
obsolete,1
unitedairlinessuck,1
customary,1
spends,1
randomactsofcorporategreed,1
milage,1
idnumber,1
hopetogetanswersoon,1
medallion,1
probablynot,1
monica,1
unitedfailsworsttripofmylife,1
anotherdisappointment,1
ralph,1
nader,1
discouraging,1
thier,1
bite,1
threat,1
belligerent,1
ranting,1
aaron,1
blanket,1
whiskey,1
blacked,1
twin,1
olds,1
lifesaver,1
preparations,1
mm,1
beought,1
unexpactable,1
ecom,1
conflict,1
erased,1
versions,1
shin,1
splits,1
sprinting,1
income,1
exams,1
pac,1
missin,1
aussie,1
cowgirl,1
cowboy,1
estelle,1
failagain,1
unite,1
fashion,1
unitedvusa,1
distinguish,1
quantas,1
auckland,1
professor,1
startups,1
amateurs,1
vibrant,1
habitrails,1
sprinted,1
coughed,1
lung,1
amypoehler,1
bafore,1
simplify,1
lhrt,1
yyzua,1
turrible,1
unaccomidating,1
careyon,1
leah,1
kerry,1
ebokeers,1
cdt,1
airside,1
fairbanks,1
aren,1
overheads,1
aquadilla,1
withheld,1
pty,1
punished,1
accrue,1
cosmetic,1
weigh,1
conveyor,1
istanbul,1
lly,1
stacey,1
potus,1
dvr,1
motion,1
drinking,1
plumber,1
string,1
williams,1
edit,1
observation,1
ypu,1
noodles,1
peas,1
zukes,1
yogurt,1
stillmakingmepoorthough,1
hughes,1
automobiles,1
longstanding,1
shoulda,1
thor,1
idonotcare,1
doc,1
pressed,1
cabins,1
church,1
sailed,1
mli,1
yeg,1
fay,1
retracted,1
affiliated,1
margo,1
intercontinental,1
reduction,1
exhorbitantfees,1
outpost,1
incurring,1
pleasent,1
dj,1
inner,1
lowstandards,1
winters,1
annnnddddd,1
trade,1
sunkist,1
bypass,1
locally,1
confuses,1
surliness,1
speechless,1
monopoly,1
doesntfeellikestatusyet,1
inflexible,1
le,1
numbered,1
iatanbul,1
suggests,1
structure,1
diminishes,1
certs,1
clearvision,1
deter,1
preferences,1
ridic,1
paycheck,1
nabisco,1
pepperidge,1
farms,1
daysofhell,1
rj,1
amounts,1
apologized,1
sobbing,1
answerthis,1
dreadful,1
whacked,1
verifies,1
circulation,1
premiers,1
burningman,1
mkwlkr,1
regard,1
expressing,1
consoled,1
waspaid,1
winnipeg,1
tightconnection,1
coltsmissingbags,1
lightyears,1
frightening,1
breathe,1
borderline,1
letsworktogether,1
dope,1
unempathetic,1
pri,1
opsec,1
leisure,1
aircargo,1
bcn,1
whatsoever,1
unitedairline,1
correspondence,1
tablets,1
skateboards,1
anti,1
itproblems,1
respects,1
pretending,1
welfare,1
tracing,1
turquoise,1
upc,1
swimsuits,1
competitively,1
unitedwithivy,1
falseadvertising,1
tons,1
addr,1
signin,1
dxb,1
hearts,1
sime,1
noapology,1
restructured,1
brotha,1
multiplier,1
teleportation,1
cigarettes,1
prohibits,1
stonewalled,1
colliding,1
wontflyagainwithyou,1
staffers,1
faults,1
isolate,1
mtn,1
hemispheres,1
ritacomo,1
understandably,1
edgy,1
chipper,1
ser,1
chatting,1
stdby,1
sivi,1
stewart,1
amid,1
contracts,1
boldflavors,1
flavors,1
ingredients,1
csfail,1
milageplus,1
shady,1
undetermined,1
flyquiet,1
ordnoise,1
cyndi,1
troy,1
glance,1
starboard,1
reinstating,1
kosher,1
unitedfirst,1
upfare,1
connectors,1
considerably,1
wise,1
cheeze,1
jilted,1
moneyelsewhere,1
tryagain,1
ezee,1
wilson,1
amnt,1
igiveup,1
signup,1
forelock,1
vary,1
ito,1
firing,1
loaned,1
classic,1
elizabeth,1
retweet,1
doublestandards,1
travelingwithsmallkids,1
jetbridge,1
passenegers,1
allright,1
rmoug,1
cheduled,1
closings,1
birthdays,1
resending,1
disloyal,1
taller,1
firm,1
batman,1
insanely,1
upsell,1
laden,1
albeit,1
tissues,1
nonetheless,1
audition,1
quiche,1
tandoori,1
entrees,1
accompaniments,1
equipped,1
txting,1
pittsburg,1
untrained,1
crossing,1
whispering,1
bitty,1
acquire,1
perceived,1
flightncy,1
blegh,1
braved,1
shipping,1
edition,1
njv,1
bp,1
brandi,1
zabsonre,1
farmington,1
slopes,1
feck,1
transpacific,1
gist,1
indicating,1
aback,1
squarely,1
cockup,1
ijustwanttosleep,1
proficient,1
reactive,1
juice,1
getphilz,1
mot,1
clusterfucks,1
moar,1
bully,1
mentality,1
fostering,1
inspiration,1
employeerelations,1
ports,1
biscuits,1
sentimental,1
connetion,1
sr,1
prompted,1
glassdoor,1
snagging,1
notsurprising,1
luvthem,1
leverage,1
meagan,1
fouty,1
brancato,1
parentsonboard,1
flypbi,1
logically,1
altonbrownlive,1
sohappy,1
unfollow,1
scramble,1
auction,1
invitational,1
throwback,1
newsbusiness,1
facepalm,1
approvals,1
fml,1
teyana,1
medusafridays,1
themenofbusiness,1
playa,1
carmen,1
christine,1
mx,1
dignity,1
baitandswitch,1
ids,1
rapidrewards,1
lasttweetaboutthis,1
groupa,1
portal,1
reverted,1
role,1
barzegar,1
euros,1
tent,1
village,1
chantilly,1
vacationfail,1
frozenwater,1
gettingimpatient,1
theycouldatleastofferfreebooze,1
thrower,1
venetia,1
crook,1
oyu,1
strives,1
centric,1
marriott,1
smalls,1
traditionally,1
sledge,1
hammer,1
scalpel,1
bible,1
vipliveinthevieyard,1
careers,1
intuitlife,1
leanin,1
resource,1
reboarding,1
kta,1
vip,1
happycamper,1
mae,1
penguin,1
als,1
smoooothest,1
southwestsmoothie,1
stepup,1
makeitright,1
wewillsee,1
sol,1
raps,1
partnerrewards,1
evolved,1
aimed,1
satisfy,1
nano,1
smattering,1
etd,1
sauna,1
buisness,1
schoolgirl,1
typing,1
bagsflyfree,1
cheatcustomers,1
mugged,1
wrongiswrong,1
badbussiness,1
attempts,1
poc,1
organizations,1
nowarmclothes,1
lostbags,1
youdidit,1
higgs,1
boson,1
nonprofits,1
thebachelor,1
wah,1
floridavacation,1
smoothflight,1
flutter,1
fullprice,1
bethonors,1
honorable,1
economic,1
cdn,1
towns,1
customerappreciation,1
gaincustomers,1
keepem,1
lovedflyingwiththem,1
notanymore,1
lubbock,1
crooked,1
shouldwearmasks,1
neqm,1
lou,1
ourguest,1
enrolled,1
katie,1
canthurtasking,1
nutsaboutsouthwest,1
brooding,1
monkey,1
homeandreadyfornexttrip,1
satisfactorily,1
justsayin,1
genuinely,1
comparable,1
shittydeal,1
responsiveness,1
escaping,1
maltese,1
improving,1
hugeeeee,1
evennotified,1
theflight,1
isdelayed,1
wererunning,1
tests,1
chemistry,1
melissa,1
albums,1
accidents,1
fistfights,1
applications,1
positions,1
briughy,1
aif,1
agcommunity,1
plants,1
productivity,1
healthbenefitsofplants,1
gardening,1
darrel,1
lifting,1
spirits,1
clues,1
mkt,1
whathappend,1
devalued,1
detective,1
sports,1
booo,1
givethemraises,1
crabby,1
grrrrrr,1
feltthelove,1
netneutrality,1
northern,1
paradise,1
entertained,1
gin,1
tonic,1
toyingwithouremotions,1
toughtomakeplans,1
gettingthirsty,1
businesstrip,1
dos,1
ts,1
announcer,1
broad,1
notsatisfied,1
georgia,1
ri,1
motions,1
allgood,1
ideserveareward,1
partnering,1
hilton,1
marriage,1
ftlauderdale,1
ftmyers,1
sellmypointssoon,1
body,1
downs,1
meat,1
punishedforflying,1
flamethrowers,1
plow,1
tok,1
possession,1
airtran,1
vnmb,1
displays,1
nakedmeetings,1
banning,1
nut,1
dust,1
sighed,1
lin,1
lasalle,1
directional,1
dislexia,1
looped,1
gis,1
ewk,1
pseudo,1
lease,1
empathetic,1
monika,1
mwa,1
ambivalence,1
patricia,1
ranging,1
nbd,1
muchas,1
grassy,1
dissaponted,1
rita,1
olympic,1
akron,1
wretched,1
suspended,1
ar,1
companionpass,1
ichangedyourdiaper,1
eom,1
tru,1
thatthis,1
contingencies,1
mighty,1
retiring,1
weatherless,1
anderson,1
sweeps,1
precludes,1
southwestluv,1
destroy,1
sweethearts,1
companions,1
aim,1
functionally,1
gimme,1
combat,1
dontmakemebeg,1
everyones,1
secrets,1
brighter,1
qualified,1
hollymais,1
mines,1
obtain,1
investment,1
fransisco,1
fasten,1
tiday,1
planing,1
bur,1
gettingbetter,1
infinity,1
angering,1
slowness,1
ack,1
wentook,1
shouldhaveflownjetblue,1
mario,1
bros,1
gameboy,1
crappiest,1
enemy,1
handicapped,1
strandednyc,1
grader,1
ohk,1
inexpensive,1
airfares,1
notmadeofmoney,1
curse,1
deed,1
essentials,1
hotlanta,1
galaxy,1
scroll,1
letitgo,1
rumor,1
peanutsonaplatter,1
dani,1
stowaway,1
defective,1
chalk,1
coldly,1
neveryamind,1
seam,1
busted,1
zippers,1
uninformed,1
unapologetic,1
dynamite,1
quietly,1
irate,1
rnd,1
gov,1
governor,1
sb,1
legalizes,1
lgbt,1
lend,1
expeditious,1
onechildfourbags,1
redirects,1
audience,1
complimentarybeveragesneeded,1
earlybirdmeansnothing,1
yday,1
drenched,1
consumermarketing,1
nev,1
alison,1
bobbi,1
unprecedented,1
getmeouttahere,1
southwestsucks,1
imaginedragons,1
slaycancerwithdragons,1
noluv,1
happend,1
adam,1
tracks,1
mashing,1
tones,1
sd,1
delacy,1
compassionate,1
muh,1
laps,1
dilemma,1
insulin,1
grandcanyon,1
baggagefail,1
bagsflyfreebutnotwithme,1
epitimeoffail,1
jamie,1
mckinnie,1
owning,1
retroactively,1
optout,1
furnish,1
talents,1
getmeoutofhere,1
intlcheckin,1
sink,1
homegirl,1
stuckintampa,1
mgmt,1
cavalli,1
calves,1
interfering,1
mccarran,1
southwestfail,1
mfd,1
wills,1
loser,1
insubstantial,1
blacklivesmatter,1
internships,1
davidson,1
auditorium,1
jsom,1
utdallas,1
fehqne,1
tomorro,1
fwwe,1
ant,1
brag,1
totalfail,1
highhopes,1
presidential,1
fsz,1
sev,1
getyourlife,1
vets,1
vet,1
healing,1
idols,1
flysw,1
urged,1
minflight,1
celebration,1
windy,1
unmanned,1
tweak,1
microsecond,1
whenitsnowsitpours,1
tgcyalate,1
library,1
grandmothers,1
anhour,1
werenot,1
whch,1
advsry,1
removes,1
readily,1
imjustsaying,1
comcast,1
mans,1
portable,1
happybirthday,1
profitable,1
venture,1
isitthegarykellyway,1
cutoff,1
chapman,1
designs,1
getmorehands,1
indian,1
aunties,1
aruna,1
tremendously,1
velour,1
getmeoffthisbird,1
crutches,1
ne,1
ticketsforjax,1
directs,1
okcdirects,1
okcprofessionals,1
customerloyalty,1
launder,1
hiremorepeople,1
approximate,1
keepitmovin,1
grandkids,1
supvsr,1
implement,1
hyperlinked,1
eve,1
childrens,1
purifier,1
baking,1
sourhwest,1
dread,1
surveys,1
sac,1
betch,1
nationwide,1
bone,1
kmdw,1
stretch,1
emer,1
albuquer,1
maverick,1
adjusting,1
snowstorms,1
airpt,1
luved,1
applauded,1
takemeback,1
fwhei,1
alist,1
wifiless,1
buzz,1
ahah,1
annamarie,1
norris,1
recognized,1
deval,1
nmaryland,1
morrw,1
scumbag,1
bestinclass,1
takemehome,1
rndtrp,1
radish,1
noc,1
marry,1
lamp,1
desperate,1
miscommunicated,1
popped,1
prospective,1
schools,1
eternally,1
blatimore,1
songs,1
hoom,1
interferes,1
ellen,1
concerts,1
alway,1
treasure,1
weathered,1
stacy,1
wernicke,1
lacma,1
fairfax,1
ripme,1
heyo,1
headlines,1
liveonfox,1
februaryfreezefox,1
okaaaaay,1
manana,1
stlouis,1
bradley,1
wway,1
spvsr,1
blows,1
padresst,1
teamspirit,1
southwestrocks,1
cocktails,1
neverchange,1
mytimeismoney,1
roundtrips,1
wmn,1
deficiency,1
luvagent,1
assuring,1
guessweflyingdelta,1
ipodtouch,1
needtogethome,1
buck,1
carryonbagssloweverybodydown,1
volleyball,1
graduation,1
absoulutely,1
manufactured,1
quirkiness,1
mmm,1
captiveaudience,1
functional,1
mightmismybrosgraduation,1
shhhh,1
deborah,1
wantcharge,1
extending,1
notahappytraveler,1
obey,1
imdetermined,1
relay,1
allowabl,1
horizon,1
kats,1
moveaboutthecountry,1
fjbfsc,1
frigidfriday,1
ahhhhh,1
jackpot,1
devaluation,1
retire,1
excruciatingly,1
hover,1
intrusive,1
pockets,1
goingtovegas,1
getconnected,1
achieving,1
luxury,1
missedflight,1
releasing,1
lbb,1
tripofalifetime,1
sinuses,1
contend,1
landings,1
preregistration,1
eould,1
wannaa,1
flipping,1
whiny,1
homewardbound,1
bringin,1
mor,1
parhetic,1
bagawim,1
bands,1
veryloyalcustomer,1
useable,1
xvm,1
tos,1
bebetter,1
mrn,1
budweiserduels,1
desirable,1
stellarservice,1
byebyeusairline,1
medically,1
xw,1
brd,1
overbk,1
chiberia,1
miracles,1
bec,1
resort,1
wilco,1
sundown,1
subterfuge,1
hh,1
mixtape,1
loveeee,1
empathize,1
capitalized,1
lowercase,1
excitement,1
bcuz,1
heroes,1
swapic,1
luvin,1
therofo,1
bowl,1
pleaseeeeee,1
luvintheair,1
joy,1
heartlanta,1
fist,1
hopin,1
hardcase,1
golfbags,1
ifthe,1
sneverstopped,1
topping,1
saturdays,1
permanent,1
ineligible,1
fiancee,1
evrytime,1
rolled,1
bz,1
prettyplease,1
airliner,1
cache,1
exclusive,1
seasonal,1
daydreaming,1
ohioprobz,1
origami,1
oldpolicieswaybetter,1
yeehaw,1
vent,1
ensured,1
quirky,1
archaic,1
accommodates,1
onelove,1
favoriteairline,1
luvforsw,1
unserved,1
constructive,1
criticism,1
bringbacktheluvtordu,1
directflights,1
wholly,1
consultant,1
accumulation,1
phishing,1
cheapest,1
superb,1
areas,1
nonstops,1
mbps,1
bestfriend,1
presenting,1
roadmap,1
embed,1
integrating,1
milwaukee,1
supporter,1
jesus,1
portrayed,1
homosexual,1
judas,1
performs,1
whoot,1
gap,1
lasted,1
redeeming,1
races,1
england,1
lovetotravel,1
chaching,1
laura,1
onlywaytofly,1
leathery,1
faaaannntastic,1
horribleattitudes,1
players,1
chgd,1
acoustic,1
disneyprincesshalfmarathon,1
girlsweekend,1
bffs,1
rich,1
westagard,1
att,1
nancy,1
customersfirst,1
qualification,1
mobileboarding,1
bridesmaid,1
beijing,1
unpredictable,1
tiks,1
herb,1
willie,1
nelson,1
impersonator,1
sang,1
peanutsandtoons,1
skymall,1
ripskymall,1
passngr,1
gt,1
flythroughs,1
sporadically,1
uncharacteristic,1
aired,1
bookofnegroes,1
sests,1
pleeeease,1
spotting,1
sen,1
sweatshirt,1
leinenkugels,1
craftbeer,1
transports,1
caution,1
dependents,1
inperson,1
whyyy,1
damion,1
damionflight,1
demolish,1
imessage,1
witty,1
repartee,1
bso,1
attentive,1
bicycles,1
criteria,1
bikes,1
faq,1
lanes,1
luvsw,1
bingo,1
noah,1
messaging,1
vyil,1
xklrog,1
humphrey,1
yearslate,1
maybeijustlost,1
whyyounoloveme,1
sets,1
fkqw,1
worstthingever,1
fedexed,1
courtney,1
anni,1
jamesasworth,1
brent,1
additonal,1
cantblametheweather,1
mhtforlife,1
brendan,1
rs,1
kindly,1
straying,1
thingsishouldknow,1
ifeeldumb,1
roadtrip,1
pastmypatienceexpirationdate,1
inclusion,1
popping,1
customerservicewin,1
itravelalot,1
government,1
approval,1
companionpasses,1
residing,1
compete,1
fuckinf,1
sht,1
deltanews,1
screakjmf,1
emerging,1
leader,1
pv,1
lovesouthwest,1
mybday,1
undignified,1
freedrinkcoupons,1
mltple,1
notokay,1
lastly,1
balt,1
vomited,1
caroline,1
superhero,1
bnasnow,1
astounded,1
contempt,1
purse,1
wendell,1
holton,1
secondly,1
packingayak,1
cockroaches,1
crawling,1
traps,1
devotedyyours,1
nl,1
disappointments,1
discusses,1
possibilities,1
nhl,1
arena,1
sportsbiz,1
octavia,1
downnnnn,1
solar,1
charger,1
changer,1
usb,1
bicycle,1
fla,1
neveind,1
modelodenegocio,1
innovacion,1
businessmodel,1
divadapouch,1
thepoopqueen,1
wonderfully,1
reload,1
freecomedyshow,1
newlifetimecustomer,1
engadget,1
theverge,1
wired,1
iusedtoloveu,1
emerg,1
erw,1
commit,1
kisses,1
disheartening,1
requirements,1
backpacks,1
shotwest,1
fvf,1
yw,1
swrr,1
acting,1
reachable,1
uneventful,1
outline,1
scenarios,1
hood,1
snag,1
pumped,1
essential,1
attire,1
grant,1
majority,1
tomoro,1
feelingtheluv,1
profitbeforepeople,1
rubs,1
wigs,1
michele,1
humored,1
snowbama,1
promos,1
undefined,1
cgroup,1
comeon,1
predict,1
iiiii,1
costarica,1
pennies,1
vacatime,1
fattuesday,1
awwweesssooomee,1
prchase,1
retailer,1
keepmy,1
mardi,1
gras,1
instrument,1
deicer,1
bushleague,1
weakservice,1
nochill,1
electric,1
skateboard,1
fp,1
jennifer,1
cascino,1
becuz,1
swfan,1
spreading,1
nftyconvention,1
necessities,1
southwestluvsweeps,1
elevator,1
southworst,1
desparately,1
reso,1
phonedied,1
alistpreferred,1
soured,1
thu,1
screencap,1
payton,1
swair,1
tortured,1
assisted,1
incidents,1
bham,1
conffgkxv,1
adjustment,1
bool,1
niggaz,1
loyalrrmember,1
lovesouthwestair,1
dontchangeathing,1
snowfall,1
fhk,1
te,1
measles,1
outbreak,1
jvstatus,1
streamline,1
commute,1
condescension,1
serenitynow,1
octaviannightmare,1
graded,1
eqp,1
fusturated,1
daycare,1
harass,1
mistakefurious,1
temporary,1
aisles,1
evermoreroom,1
marty,1
nobaggagefees,1
pgfryz,1
tied,1
proposal,1
gala,1
boundless,1
republic,1
tan,1
rejecting,1
canister,1
powder,1
divider,1
verified,1
pointsme,1
overchging,1
herded,1
slaughter,1
rainy,1
poop,1
signing,1
credentials,1
baejet,1
amirite,1
airspace,1
destin,1
walton,1
yer,1
lbc,1
napkins,1
justdoit,1
youknowyouwantto,1
versa,1
longing,1
firstlove,1
ondemand,1
leatherseats,1
hipunis,1
guyana,1
greg,1
teamnkh,1
annnndddd,1
glowing,1
sparkled,1
tummy,1
sunrises,1
jetbluehatesbtv,1
trublue,1
veterans,1
occasion,1
janna,1
weappreciateyou,1
jetbluefame,1
sosmart,1
frequentflyerappreciates,1
alsoyayforsnacks,1
prbound,1
weekday,1
atct,1
lane,1
suffered,1
fifth,1
persistence,1
soooooo,1
sleepy,1
eventhoughits,1
degreesathome,1
pid,1
dim,1
haa,1
blushing,1
container,1
totes,1
cameras,1
hitch,1
hike,1
passengersarepeople,1
adv,1
civilized,1
aiecraft,1
fuckin,1
facilities,1
navigating,1
flu,1
pricy,1
zombie,1
welp,1
chging,1
isit,1
froward,1
sway,1
transferring,1
contribution,1
pool,1
arc,1
extractions,1
abducted,1
lessening,1
agencies,1
columbian,1
compartments,1
studying,1
lingo,1
depressing,1
lololololol,1
overreacting,1
tails,1
relieved,1
neighboring,1
omgee,1
onfleek,1
foh,1
noooooooooooooooooo,1
chats,1
contentmarketing,1
mag,1
kangaroos,1
deemed,1
blade,1
freberg,1
lmfaooooo,1
granny,1
yasssss,1
da,1
fuccc,1
unfollowing,1
preciation,1
fedora,1
lolol,1
tongue,1
cheek,1
etiquette,1
fights,1
stahhppp,1
welllllll,1
peak,1
caucasity,1
moves,1
lmaoooo,1
hired,1
lmfaooo,1
assuage,1
indignation,1
records,1
exits,1
wens,1
cultural,1
appropriation,1
ballin,1
welcoming,1
toss,1
wit,1
brink,1
bankruptcy,1
sporting,1
stahp,1
bops,1
newspaper,1
ihop,1
multimedia,1
lolz,1
blizzue,1
hizouse,1
petty,1
hahah,1
yasss,1
digg,1
donut,1
designer,1
duct,1
taped,1
ohboy,1
shouldigetoutandpush,1
tlc,1
alternatively,1
irina,1
eatup,1
cafe,1
buggy,1
mons,1
abassinet,1
gerne,1
methods,1
billmelate,1
vmsg,1
dig,1
heels,1
novel,1
misspelled,1
geraghty,1
gopatriots,1
westpalmbeach,1
flybetter,1
chasing,1
redsox,1
catsanddogslivingtogether,1
pearl,1
complex,1
waldorf,1
astoria,1
outfit,1
liking,1
shocker,1
daniel,1
webpage,1
birder,1
trap,1
rats,1
sloooooow,1
separating,1
safetyconcerns,1
reunited,1
delinquent,1
homeward,1
monsoon,1
devastated,1
bridges,1
jetblues,1
extralight,1
happytohelp,1
blacklist,1
contactless,1
siblings,1
diffused,1
inflation,1
nexttime,1
andthewinneris,1
permissions,1
whyabcwhy,1
nerds,1
dressed,1
informs,1
accessibility,1
equality,1
missingtheoscars,1
ooookay,1
tap,1
shiver,1
forevercold,1
sdq,1
paseengers,1
santo,1
domingo,1
surfboard,1
gif,1
thng,1
prechk,1
tanked,1
justwrong,1
alamo,1
tatiana,1
aha,1
smith,1
oust,1
accurately,1
focus,1
psgrs,1
nikon,1
exper,1
smell,1
undrstnd,1
wlcm,1
onbrd,1
bulb,1
cabcelled,1
byebyejetblue,1
token,1
distances,1
snowbound,1
scent,1
tht,1
deli,1
customerservicenot,1
prefference,1
inconceivable,1
ishouldhavedriven,1
chrishasmadeusblush,1
trending,1
increments,1
summit,1
ought,1
communicationiskey,1
ventilation,1
hunky,1
dory,1
garage,1
luggagegate,1
yoga,1
edits,1
mbas,1
pto,1
mintyfresh,1
ctg,1
captured,1
brittany,1
loweredexpectations,1
enzo,1
pooch,1
directing,1
bevies,1
wiyh,1
newborns,1
inebriated,1
closure,1
quickie,1
cartagena,1
praises,1
pact,1
organizational,1
chartering,1
sugar,1
idlovetoask,1
startled,1
description,1
expanded,1
bonnie,1
newburg,1
rly,1
investigation,1
tux,1
cannedtweet,1
demanded,1
handles,1
waved,1
inserted,1
truebluecolors,1
circling,1
updateyourwebsite,1
desires,1
dobetterjetblue,1
carta,1
apnea,1
glenn,1
coles,1
niagara,1
unlucky,1
haning,1
mosaicmecrazy,1
nofilterneeded,1
miraculously,1
liftin,1
higherandhigher,1
soulandinspiration,1
acy,1
takr,1
erie,1
authority,1
badairline,1
pitts,1
mde,1
tf,1
wore,1
sylvie,1
yourock,1
eternity,1
ammisery,1
animal,1
hella,1
surprises,1
misbehavior,1
dubai,1
equalizer,1
shucks,1
engagements,1
tar,1
mat,1
backhome,1
hesitant,1
sized,1
stuckonaplane,1
babyfood,1
cushy,1
rethink,1
hatch,1
interupt,1
staduim,1
ijustwanttobeinboston,1
thanksdc,1
concerning,1
ada,1
sex,1
wouldn,1
cory,1
greatcustomerservice,1
incase,1
cave,1
distributor,1
livethelegend,1
playlist,1
instant,1
lipstick,1
toolong,1
restless,1
maarten,1
exciting,1
tempting,1
sodone,1
treacherous,1
rockers,1
knock,1
allowances,1
lizaapproved,1
pgashow,1
weathers,1
phew,1
pant,1
wheeze,1
pricewise,1
cough,1
compact,1
redo,1
thismosaicnothappy,1
bestdressed,1
giggled,1
goodgenes,1
ilookyoung,1
condolences,1
institutional,1
predictive,1
analytics,1
alicia,1
exceptionalservice,1
colombian,1
disapptment,1
bdng,1
tad,1
rebuilding,1
chatted,1
lowdown,1
gether,1
confs,1
session,1
beloved,1
itenary,1
foreverrrrrr,1
analyst,1
nixchangefees,1
orphan,1
villages,1
medicine,1
orphanage,1
fold,1
crib,1
campaign,1
dualcam,1
werenotincalianymore,1
happytweet,1
barriers,1
iata,1
lifeisgood,1
guacamole,1
westpalmbeachbound,1
incidentals,1
anyways,1
nomoreaggravation,1
flywhonotblue,1
wailing,1
kin,1
delayforwhat,1
sittingonthetarmac,1
nix,1
inflght,1
thre,1
abcletjetbluestreamfeed,1
nooooo,1
disturb,1
pura,1
vida,1
sharktank,1
toplay,1
makingthingseasy,1
feelbetter,1
lgb,1
effect,1
markie,1
mayweather,1
pacquiao,1
terra,1
mommy,1
daddy,1
insider,1
hill,1
flexes,1
completing,1
installation,1
sooooooo,1
ridiculously,1
blackish,1
streetwise,1
underway,1
query,1
scrum,1
learnt,1
mont,1
exceptionally,1
uncourteous,1
butnot,1
grumpy,1
inflatable,1
savethoseseats,1
grasshopper,1
twitterz,1
kung,1
discontinue,1
negroni,1
bitcoin,1
natural,1
beefjerky,1
muscles,1
frown,1
flyin,1
jdhadp,1
howhardcanthatreallybe,1
nogearnotraining,1
warmest,1
negativedegrees,1
snowwillnevermelt,1
steward,1
bliss,1
indenial,1
whatfrozenpipes,1
dontflythem,1
alarm,1
older,1
misread,1
sweresomuchfun,1
colder,1
bedofroses,1
colored,1
guns,1
iwoulddoanythingforlove,1
partnered,1
miamore,1
iadore,1
idontwannalivewithoutyourlove,1
itwasminttobe,1
bestinclasssocial,1
stevie,1
jetgreen,1
jetred,1
flightlanding,1
sunscreen,1
feelsgood,1
flawless,1
blueheros,1
disabledtraveler,1
expowest,1
evenmorespace,1
evenmoreview,1
mo,1
internship,1
tke,1
mega,1
wager,1
isitsummeryet,1
wylie,1
snoop,1
thanksjetblue,1
princess,1
trivia,1
makingloveoutofnothingatall,1
patienceiswearingthin,1
itscostingmeincome,1
mintalicious,1
shelleyandmarcrock,1
lostinlove,1
wemosaictogether,1
bearable,1
notwheelsup,1
steamed,1
conjunction,1
complainer,1
shanese,1
bryant,1
melton,1
grandmother,1
holdon,1
everythingsgonnabealright,1
serviced,1
ccndjp,1
cling,1
hrdelay,1
countless,1
strips,1
workhard,1
playsoon,1
crumbs,1
hip,1
sirius,1
xm,1
sttimeflyer,1
contain,1
ricardo,1
olavarria,1
nny,1
kitties,1
countingdown,1
erring,1
upwherewebelong,1
suuuuper,1
core,1
config,1
toolittletoolate,1
predictable,1
icyflight,1
poorcommunication,1
waitingsince,1
comedic,1
othr,1
incomprehensible,1
fromthefrontseat,1
pereira,1
cartago,1
streets,1
misunderstanding,1
scandal,1
tower,1
inoperable,1
sox,1
loyalmosaicmember,1
gettingoffplane,1
maro,1
currentlysittingontarmac,1
mosiacfail,1
helene,1
reevaluate,1
massages,1
hurts,1
static,1
markets,1
bureau,1
warmweather,1
firefighters,1
bugging,1
expand,1
doubled,1
inquiring,1
disclose,1
notbabysitters,1
whrsthecoach,1
semantics,1
dictionary,1
itscold,1
rack,1
latte,1
lick,1
ahoy,1
allyoucanjetpass,1
mosiac,1
okie,1
acces,1
vino,1
receives,1
analysts,1
oveur,1
murdock,1
julian,1
substitute,1
magical,1
rocky,1
milehighselfieclub,1
reassigned,1
repping,1
bruins,1
hof,1
jetbluebruins,1
reposted,1
jetscrew,1
awfulcustomerservice,1
gifting,1
wendi,1
noting,1
dealings,1
stubborn,1
demanding,1
comparing,1
dunkin,1
donuts,1
hazard,1
thingsyoucantmakeup,1
sbux,1
remembers,1
coffeeneeded,1
relying,1
ineedcoffee,1
princesses,1
glassslipperchallenge,1
wdw,1
onlyblue,1
jetblueforever,1
descent,1
truebluemember,1
hunting,1
pistol,1
themed,1
tsanightmare,1
acquired,1
kravitz,1
bored,1
fixthis,1
isthisreal,1
nevertoldus,1
lile,1
fancy,1
lieflat,1
lobstermac,1
bloodymary,1
jetsetter,1
telleveryone,1
justifythissupport,1
lostrevenue,1
angryandsober,1
bachelorpartymishap,1
sham,1
nottrue,1
nosupport,1
infuriated,1
ionlyflyblue,1
thelodge,1
staticy,1
ithelpsabit,1
disneyworld,1
bestplanesever,1
peter,1
rqstd,1
bcz,1
pillow,1
skywest,1
skyw,1
tailfinthursday,1
reveals,1
travelpulse,1
icelandair,1
ozs,1
tattoo,1
stbernard,1
gnight,1
jua,1
jorge,1
cri,1
samantha,1
evasive,1
martha,1
african,1
mv,1
swift,1
programming,1
refresher,1
courses,1
fridge,1
dorm,1
huxleyesque,1
reliability,1
benadryl,1
epipens,1
sofly,1
firststari,1
seetonight,1
waters,1
annnnnd,1
hall,1
signage,1
headphone,1
pointer,1
nba,1
corpgreed,1
nevertakeno,1
wallstreet,1
scope,1
wrestle,1
target,1
stafford,1
cty,1
jetbluesucks,1
gears,1
grinding,1
highest,1
patriarc,1
affects,1
entrusted,1
portsmouth,1
cometoaustin,1
harf,1
iraiq,1
xd,1
swap,1
feelings,1
thefutureisweird,1
incidentally,1
sheila,1
grandpa,1
ashes,1
naples,1
lived,1
swooped,1
restored,1
stockhouse,1
foodallergy,1
insensitive,1
foodallergies,1
unsolicited,1
uneducated,1
opinions,1
reckless,1
dangerous,1
daytonabeach,1
personable,1
tore,1
hid,1
valued,1
steered,1
consult,1
interns,1
truebluepoints,1
jetbluemember,1
sliced,1
bread,1
beatriz,1
ais,1
ftl,1
pizza,1
easter,1
udub,1
seattlebound,1
controller,1
agian,1
cinnabons,1
bonsinthesky,1
smitten,1
slog,1
likeagirl,1
smm,1
lekvhg,1
lift,1
itsthelittlethings,1
compounded,1
jetbluemess,1
suddenly,1
argh,1
dumps,1
thetakeover,1
produced,1
yponthebeat,1
career,1
italian,1
ocean,1
valentinesday,1
loveisintheair,1
geraldine,1
jetbluejfk,1
pastor,1
homeschool,1
spirited,1
prefundia,1
controllableirregularity,1
fluid,1
hacked,1
highway,1
spade,1
spiced,1
phillip,1
heller,1
ifc,1
gum,1
chillycvz,1
thankgoodness,1
fitz,1
invitation,1
humiliated,1
uncompromising,1
blindsided,1
pp,1
flatiron,1
sil,1
declined,1
activity,1
ohno,1
bundleup,1
leastthebeverageswillbecold,1
fashioned,1
accessing,1
structures,1
hated,1
vulnerable,1
thieves,1
towed,1
corrupt,1
whilst,1
penalized,1
lightly,1
unloading,1
writes,1
satellite,1
wifes,1
cramming,1
delayedl,1
treenut,1
freeconcert,1
printers,1
mfps,1
enraging,1
oahu,1
mailbox,1
forwarding,1
nightlife,1
wires,1
awesomeee,1
ment,1
effective,1
keepitup,1
bluetiful,1
lifeneedsfrosting,1
hint,1
constitution,1
declaration,1
independence,1
tailfin,1
slash,1
engagement,1
cooler,1
pdw,1
ilovejetblue,1
connecticut,1
stpatricksfoundation,1
rotary,1
backtodelta,1
tighter,1
colonist,1
mcgraw,1
embody,1
thanksdave,1
famous,1
inspiring,1
realtime,1
rockingthetweets,1
alittle,1
weyburn,1
okayyyy,1
irons,1
wouldve,1
liked,1
simultaneously,1
wishmyflightwaslonger,1
squished,1
peggy,1
lft,1
hemophilia,1
rudeservice,1
bleed,1
leeds,1
oversleeping,1
uncontrollable,1
irregularity,1
stocking,1
vt,1
nerves,1
greenfield,1
reporter,1
badwebsite,1
ripping,1
tixs,1
deboards,1
crummyservice,1
whydidntiflysouthwest,1
goodluckamericanair,1
cathy,1
impossibly,1
lesscustomer,1
cheapoairchat,1
xtra,1
donotflyusair,1
germany,1
srv,1
carolinas,1
alsonodrinkcartcomingaround,1
leaking,1
friendlyteam,1
disciplined,1
divided,1
pumps,1
presentation,1
pandu,1
spain,1
israel,1
whining,1
openskies,1
wrecked,1
lengthy,1
retweeted,1
mystery,1
ux,1
impaired,1
jetblueanyone,1
outofbusiness,1
ruiningmy,1
revision,1
casual,1
thete,1
grandparents,1
sarita,1
semester,1
asgmnt,1
wouldt,1
yellow,1
herba,1
forgets,1
ricky,1
courtsey,1
illness,1
forfeits,1
swallowed,1
solves,1
dmsc,1
applies,1
forfeit,1
inactivity,1
csm,1
daryl,1
louder,1
sine,1
initiated,1
glitchy,1
powers,1
charac,1
wiil,1
socialtantrum,1
caren,1
mccaren,1
supv,1
skyscanner,1
narrow,1
usaw,1
breastfeeding,1
fulfilled,1
reqs,1
mediocre,1
combo,1
switchingboth,1
fligths,1
steering,1
disconnecting,1
schooler,1
noclothesnoinfo,1
failingyourcustomer,1
usairwaysfailscustomers,1
guinea,1
pigs,1
missedupgrades,1
hopkins,1
intel,1
dissemination,1
convey,1
emailmailto,1
itfits,1
toes,1
candy,1
exe,1
scenes,1
noaccountability,1
grandcayman,1
tailwinds,1
greeted,1
welcomes,1
moveup,1
terminology,1
brings,1
verbiage,1
priv,1
queries,1
shined,1
thur,1
tlh,1
lostandforgotten,1
nailed,1
shadier,1
nines,1
shutting,1
flyjetblue,1
theyareallbetter,1
exhaustion,1
runnin,1
killin,1
reiterate,1
unreasonable,1
offended,1
notourfaultyoudontuseyourgatesright,1
sided,1
salem,1
logistically,1
desition,1
nade,1
goodgriefpeople,1
parizad,1
manifests,1
wedontcarebecauseyoupaidalready,1
takeresponsibility,1
diane,1
enters,1
deteriorating,1
assurances,1
thnk,1
german,1
deplanes,1
auf,1
wiedersehen,1
applaud,1
periods,1
dividendsmember,1
resorting,1
afterward,1
vebeen,1
waa,1
depot,1
squeaks,1
restrooms,1
faced,1
inputted,1
sittingontheplane,1
readded,1
asha,1
wilmington,1
removing,1
initiative,1
minefits,1
mnth,1
bcs,1
ownership,1
breathing,1
aye,1
buys,1
bracket,1
grrrrrrrr,1
twist,1
unsecured,1
taping,1
attach,1
lxa,1
kvm,1
thansk,1
stare,1
chillpill,1
workout,1
await,1
height,1
prompting,1
stepitup,1
lightning,1
struggling,1
pleads,1
grrrr,1
dominick,1
guardia,1
offline,1
rodeo,1
acarl,1
oprah,1
minors,1
documentation,1
urself,1
tonnes,1
laughter,1
recordings,1
burned,1
contagious,1
virus,1
measurements,1
tia,1
sport,1
bashing,1
unproductive,1
pumping,1
parts,1
freeflight,1
relied,1
weighing,1
referring,1
verification,1
quintana,1
roo,1
pamper,1
jail,1
sections,1
bailed,1
negatively,1
integrity,1
tallahassee,1
reflection,1
extinct,1
ringling,1
barnum,1
bailey,1
peeled,1
trivialize,1
communist,1
ben,1
legitimately,1
mundane,1
qs,1
pride,1
upholding,1
alwayshappensthere,1
angrytraveler,1
theworstairline,1
ultimately,1
rescued,1
carts,1
handicap,1
eventprof,1
departments,1
recover,1
undelayed,1
bwahahaha,1
notafanofyourmerger,1
wewanttoknow,1
clarion,1
ummmm,1
hindered,1
snapped,1
fudgin,1
justwantmybed,1
billed,1
synch,1
fudgers,1
whatcustomerservice,1
teen,1
stupidity,1
waaaaaaiting,1
cents,1
efficencies,1
sexually,1
elmira,1
detectors,1
specialist,1
csrs,1
charlote,1
istead,1
funflightattendants,1
sundayfunday,1
solate,1
bozos,1
smarter,1
mooks,1
godelta,1
jetways,1
pisspoor,1
pissing,1
nofood,1
nodrinks,1
nohelp,1
failover,1
phltoslc,1
unansweredquestions,1
aflame,1
printer,1
improves,1
angryairtravel,1
danbury,1
servers,1
emily,1
drunkpilots,1
islands,1
stuckintheloop,1
valuables,1
outtage,1
regretting,1
hotterandlongerthanhell,1
downright,1
hostile,1
manual,1
ystrdy,1
tryng,1
rsrv,1
unsuitable,1
rett,1
cavan,1
gofundme,1
deferring,1
offensively,1
particulars,1
gs,1
cstsvc,1
honors,1
rcd,1
eating,1
interpreting,1
sarcastic,1
excellentcustomerservice,1
waitinginphilly,1
usdelay,1
letsgoalready,1
wonderingirritated,1
whyisusairalwaysdelayed,1
emotional,1
incurred,1
approximately,1
superiors,1
emplid,1
appealing,1
influx,1
sum,1
utilize,1
nocommunication,1
sympathize,1
firevan,1
effortless,1
tory,1
churn,1
takingthistothetop,1
stuffing,1
sweat,1
scoop,1
accomplish,1
aboout,1
mhtt,1
minonhold,1
lastnight,1
careless,1
overloads,1
sorude,1
bze,1
nose,1
reinforcements,1
conditioning,1
phoneeeee,1
malcome,1
replicate,1
empl,1
greatjob,1
boggling,1
melting,1
tense,1
attndt,1
wrecking,1
smugsmirk,1
norush,1
exhibited,1
newamericanairline,1
cheapslogannotmotto,1
attdt,1
decides,1
mellani,1
superstars,1
mellie,1
icecream,1
collectively,1
percentage,1
yout,1
liza,1
idiotic,1
diet,1
bizness,1
suggesting,1
podium,1
tiffany,1
infrastructure,1
massivefail,1
failphone,1
flgjt,1
grief,1
loans,1
smfh,1
abounds,1
evv,1
missedconnection,1
forcedovernight,1
worstflightexperienceever,1
getmehome,1
loanr,1
canld,1
resch,1
lapse,1
poorlyhandled,1
usairheads,1
revers,1
vacationing,1
platinumeventually,1
tabitha,1
minssss,1
anotherfail,1
hanged,1
vows,1
smoothtransition,1
secs,1
fkn,1
unbelieavle,1
unaccpetable,1
failback,1
actualy,1
hostel,1
fwd,1
stillbagless,1
commitments,1
excusable,1
lynchburg,1
noexcusesaccepted,1
usuck,1
pleading,1
grt,1
uppp,1
imtired,1
saveface,1
showup,1
professors,1
midterm,1
whichever,1
hooray,1
ebhset,1
pleasehurryup,1
answerphone,1
reschedulemyflight,1
fiousairways,1
tools,1
prayer,1
mishaps,1
lotttttttt,1
synergy,1
idontwanttocallback,1
becuase,1
disappearing,1
allready,1
amend,1
needlessly,1
wronganswer,1
unnoticed,1
chl,1
worstairlineinamerica,1
mod,1
hosp,1
trys,1
cuts,1
hlp,1
kitchen,1
hasty,1
unwise,1
pushback,1
plows,1
pullin,1
sh,1
trbl,1
terriblecommunication,1
essence,1
reschedules,1
truthful,1
ontarmac,1
donaldaroberts,1
workforces,1
eyyyy,1
drift,1
af,1
clog,1
vegetarianproblems,1
ontario,1
determination,1
cabinfever,1
nw,1
mqf,1
respectful,1
hourwait,1
cesspool,1
germs,1
tequila,1
stopover,1
flustered,1
kristy,1
kristie,1
promotethatgirl,1
tomrw,1
flightcancelled,1
custservicehasnonumber,1
notion,1
versace,1
biceps,1
toll,1
nght,1
cls,1
sche,1
genious,1
preggo,1
hormones,1
curvygirltravels,1
digit,1
okee,1
stats,1
nick,1
comin,1
thankjesus,1
thankme,1
hubbys,1
eaten,1
ute,1
effin,1
shitting,1
differ,1
acu,1
assed,1
dmv,1
noshadetothedmv,1
pregame,1
amtrak,1
badcustomersrvice,1
whereismybag,1
itis,1
poorcustumerservice,1
veg,1
ew,1
undermines,1
intelligence,1
template,1
enormous,1
inaccessibility,1
discourteous,1
frequentflyers,1
chuckhole,1
retweets,1
uw,1
aligned,1
mobay,1
owen,1
usairwaysfflyer,1
dk,1
xzmscw,1
basketball,1
wheresmyrefund,1
jerks,1
leak,1
getmeoffthisplane,1
ineedabeer,1
mbj,1
stating,1
delaygreatcustomerservice,1
selves,1
reativation,1
backed,1
hospice,1
soc,1
dontflyusairways,1
shitshow,1
weights,1
jobfail,1
guesstimate,1
incapable,1
fproblems,1
scareways,1
neverfails,1
cat,1
zig,1
zagging,1
movements,1
havin,1
shuttles,1
authorize,1
dadeland,1
misery,1
lawyerup,1
disbelief,1
themagicalstranger,1
zip,1
timesenough,1
dumping,1
theworstairlineever,1
delightful,1
professionalism,1
pulls,1
pleeeeeeeease,1
sailor,1
propositioned,1
creditcardsales,1
naval,1
commands,1
slogan,1
recharging,1
anyhelp,1
dontmakemegooutside,1
incedentals,1
noworstairline,1
worstever,1
daddyshome,1
notnice,1
tellyourstory,1
terrifyingly,1
jwa,1
shade,1
reachingnewlows,1
smelly,1
waitingagain,1
misjudging,1
deliberate,1
expens,1
burroughs,1
yourairlinesucks,1
triage,1
personality,1
travelfail,1
nightmarish,1
patiencerunningout,1
barclay,1
freeze,1
avp,1
tgif,1
findurgrip,1
advis,1
wo,1
stollen,1
mobil,1
wishing,1
prn,1
planebroken,1
neverontime,1
paymytab,1
myr,1
problematic,1
shavon,1
evn,1
squashed,1
achieve,1
yield,1
navigate,1
congratulation,1
ghettofab,1
proceeded,1
tricities,1
boyfriends,1
iwas,1
upgrd,1
emphasize,1
vape,1
saddens,1
mini,1
melinda,1
greensboro,1
jewel,1
workng,1
et,1
pushy,1
gagent,1
danny,1
beareavement,1
lunchtime,1
stillnotonmyflight,1
mimosa,1
kinder,1
breavement,1
replane,1
youcandobetter,1
groan,1
valuing,1
curt,1
eternal,1
mergerdisaster,1
api,1
happyfriday,1
tier,1
complainers,1
robyn,1
sprawled,1
grossedout,1
recycle,1
bagtag,1
crosswords,1
oldseatnocushion,1
nohelponboard,1
coathanging,1
obama,1
frozentoilet,1
medicalissue,1
mechanicalissue,1
dispatchissue,1
gassing,1
finalstretch,1
mileagerun,1
offloading,1
dishonest,1
exicted,1
psychological,1
tricks,1
colors,1
worldwide,1
circles,1
prof,1
takers,1
mvmt,1
unemployment,1
affairs,1
ffstatusdontmatter,1
thenewaa,1
grandbabies,1
births,1
geeeeezzzzz,1
phltolas,1
cinci,1
zfv,1
clearance,1
tedious,1
overfilled,1
lavoratories,1
ab,1
vuelo,1
vuelos,1
webs,1
anarchy,1
hockey,1
sticks,1
pleeeeease,1
pits,1
ihatemergers,1
monterey,1
fog,1
veggies,1
olives,1
velcro,1
footrest,1
shelf,1
realizing,1
mask,1
polite,1
habitually,1
salad,1
fuking,1
uncertainty,1
undue,1
req,1
wewantcomps,1
strandedattheairport,1
sponsorship,1
valleys,1
sandwiches,1
montereyregionalairport,1
alan,1
lve,1
mergers,1
irony,1
barking,1
chathes,1
destroying,1
lively,1
nostalgic,1
bene,1
cak,1
scheming,1
obj,1
lmaooo,1
dreading,1
interchangeably,1
player,1
usage,1
lilly,1
badcustomerexperience,1
candice,1
onion,1
tbt,1
ethan,1
revive,1
laundry,1
tabs,1
pipes,1
skys,1
imagined,1
stubbornly,1
phf,1
flyus,1
holz,1
labeled,1
occupy,1
musical,1
correlate,1
delayedconnection,1
petition,1
docs,1
tys,1
gth,1
usaiways,1
coded,1
trumping,1
booster,1
brochure,1
touting,1
notevenjv,1
recvd,1
tckt,1
pointy,1
smoothoperation,1
misplace,1
freaky,1
ckin,1
thereisafirstforeverything,1
crosswinds,1
barclays,1
devs,1
sill,1
usexpress,1
psa,1
reopened,1
secondary,1
screenings,1
disconnection,1
considerate,1
marsha,1
thankyouforeverything,1
awol,1
lite,1
misguided,1
nothings,1
creating,1
vrm,1
fallen,1
pple,1
betty,1
ilm,1
surprisingly,1
strandedinnashville,1
livepersonplease,1
encounter,1
outright,1
disguised,1
coffeemaker,1
coma,1
installing,1
muzak,1
totaled,1
baked,1
usairwaysssuck,1
comforting,1
stationary,1
lucycat,1
timbit,1
reassess,1
usairwayssuck,1
rejected,1
fendforyourself,1
dnx,1
flailing,1
severally,1
chairmanlove,1
monetary,1
overloaded,1
emergencies,1
whatajoke,1
isabelle,1
gramp,1
divident,1
systemic,1
disallows,1
makeovertimecustomerserviceplease,1
donthavehighhopes,1
noreply,1
filters,1
dns,1
admin,1
antitrust,1
unprofessionalism,1
dayslate,1
pordes,1
holdtime,1
verbally,1
cussed,1
peeved,1
pascucci,1
reaccommodation,1
mumbled,1
uses,1
mumbai,1
surat,1
navimumbai,1
passengerslose,1
gooutofbusiness,1
worsttraveldayever,1
unexplained,1
tweetin,1
doin,1
anythin,1
wiser,1
neverflyusairways,1
heel,1
clicks,1
thislinehasntmovedforanhour,1
shaquille,1
tysvm,1
tyvm,1
hectic,1
husain,1
protest,1
rehman,1
malik,1
spreadtheword,1
borrow,1
praised,1
barklays,1
throne,1
conn,1
executiveplatinummeansnothing,1
iwantcoffee,1
powered,1
longday,1
reposting,1
imateacher,1
neptunewaivethefee,1
snaps,1
cups,1
steaming,1
wheresthecustomerserviceat,1
hungary,1
usairway,1
crw,1
hts,1
theend,1
goodday,1
sickcrew,1
tanpa,1
tic,1
unprofessionally,1
fmjtyl,1
anticipation,1
freddie,1
sibling,1
wether,1
approproately,1
tooooo,1
command,1
absorb,1
deceiving,1
reprehensible,1
winkwink,1
intimate,1
submits,1
travis,1
rush,1
apx,1
nobackup,1
begun,1
accessible,1
planestrainsandautomobiles,1
preparedness,1
snowballed,1
aforementioned,1
patron,1
hoodlums,1
speciifc,1
character,1
hogs,1
impediment,1
duke,1
mason,1
registering,1
researching,1
contaced,1
eyewitness,1
unheard,1
manned,1
crickets,1
ubetter,1
smth,1
seet,1
dating,1
optimistic,1
tara,1
gem,1
coin,1
onehouronhold,1
reactivate,1
casimir,1
nocareforcustomers,1
mold,1
filthyplane,1
hopeidonotgetsick,1
nexttimeiwillflysouthwest,1
lex,1
xt,1
prolonged,1
prds,1
chef,1
miguel,1
allende,1
hungupnohelp,1
andrew,1
sma,1
rollercoaster,1
killeen,1
droped,1
rwrd,1
aadv,1
narrowly,1
snags,1
gb,1
choppiest,1
whiplash,1
americanairlinesfail,1
iwantmymoneyback,1
reversed,1
stuckinmemphis,1
texasisclosed,1
faves,1
sheesh,1
espinosa,1
crated,1
painfully,1
inexperienced,1
paged,1
spaced,1
biggie,1
spagnuolo,1
coached,1
rams,1
whammie,1
robocalls,1
gems,1
pvg,1
arbitrary,1
pafe,1
gma,1
trv,1
swivel,1
dietcoke,1
happyflier,1
marshaled,1
retired,1
resoled,1
kax,1
grievance,1
maria,1
beanie,1
diapers,1
stilling,1
obscene,1
acquisition,1
dwell,1
encouragement,1
logical,1
wear,1
xxx,1
vastly,1
bundle,1
applause,1
freezes,1
inflating,1
beaches,1
temorris,1
brrr,1
chilly,1
probls,1
rtrn,1
nickeled,1
tt,1
planb,1
upgrademe,1
animals,1
americandairlinessucks,1
experts,1
preventable,1
foru,1
allowable,1
admitted,1
hormonal,1
teenager,1
wastedeffort,1
reappeared,1
avios,1
undone,1
utevgw,1
bragging,1
js,1
donedeal,1
talktoahuman,1
strength,1
reached,1
struts,1
nozzle,1
calibrated,1
absorber,1
ksml,1
enhance,1
cycle,1
yucki,1
prerecorded,1
smiles,1
refundprocedurenottoopainful,1
tmr,1
leather,1
ay,1
seams,1
marsh,1
nutella,1
veryimportantproject,1
refurbish,1
intra,1
drain,1
fearing,1
potable,1
recommendation,1
burrito,1
overzealous,1
pns,1
frequently,1
wiggle,1
sliver,1
noxtralegroom,1
nocoatcloset,1
faail,1
yayayay,1
wack,1
bueno,1
cheque,1
unknowledgeable,1
potatoes,1
ballbag,1
worrisome,1
preoccupied,1
flagging,1
observer,1
counterparts,1
bsuxlu,1
sgf,1
mikes,1
tk,1
spk,1
sufficiently,1
presumably,1
reproach,1
reform,1
bitchy,1
youd,1
cater,1
usxlon,1
weekly,1
nofunatall,1
uwon,1
excess,1
celebs,1
press,1
deice,1
clunky,1
motor,1
rising,1
awheelchair,1
nonewplanes,1
scoot,1
miserablemorning,1
commence,1
dpdfpp,1
regina,1
argg,1
bpdfpp,1
trite,1
woodland,1
virginia,1
machines,1
pouting,1
attitudeissues,1
extenuating,1
downstairs,1
elise,1
ees,1
chking,1
schd,1
plainly,1
makers,1
mindset,1
journalist,1
medication,1
colours,1
skipper,1
ife,1
suprise,1
vanity,1
gah,1
disorganised,1
inhumane,1
humanity,1
terror,1
bills,1
xox,1
subscription,1
tollfree,1
earrings,1
earring,1
dayjustgotworse,1
winks,1
commutation,1
drives,1
flightrs,1
curfew,1
notahappycustomer,1
leavingtomm,1
bleh,1
crjs,1
airstairs,1
valet,1
brave,1
noise,1
norahm,1
lawyer,1
wrath,1
drag,1
chronological,1
footage,1
figures,1
retaining,1
midnite,1
whisper,1
joanne,1
flightnightmare,1
dart,1
cameragear,1
injuries,1
periolodicly,1
tu,1
leeway,1
unserviceable,1
twa,1
thanksm,1
cabs,1
slides,1
taxiway,1
outoftouchwithreality,1
appointment,1
deactivated,1
deactivate,1
inv,1
successful,1
ridicules,1
infinite,1
hamsters,1
rabbits,1
pregnantwithtwins,1
candace,1
bqonpa,1
displeasure,1
donotflywiththem,1
fidencio,1
kybilc,1
isle,1
gabriela,1
lip,1
abandon,1
pensacola,1
cuzco,1
saidi,1
ares,1
sre,1
hon,1
sauvignon,1
blanc,1
pronounce,1
multibillion,1
multimillion,1
agts,1
unamericanairlines,1
southwestairwasthere,1
unfold,1
wrench,1
apron,1
suree,1
grnd,1
jeans,1
suits,1
amen,1
funerals,1
unaccommodating,1
capability,1
hitawall,1
newplanesmell,1
evil,1
chariot,1
angle,1
oldplanes,1
damageluggage,1
originating,1
chge,1
americans,1
ecuador,1
ud,1
retrn,1
pickng,1
preparation,1
commend,1
rubbed,1
airportcardio,1
travelproblems,1
entree,1
nosedived,1
newamerican,1
delaney,1
aateam,1
rigorous,1
brownsville,1
hardtodo,1
hahahah,1
liar,1
pacify,1
span,1
believable,1
americant,1
reuse,1
hm,1
aaadvantage,1
balloons,1
maf,1
hardest,1
providenciales,1
becky,1
piela,1
aadavantage,1
bankruptcies,1
probability,1
uhmmm,1
helpline,1
holler,1
gtsvyb,1
unprepared,1
booklet,1
ystday,1
angrybird,1
smybag,1
svu,1
gang,1
pats,1
doyourjob,1
extraordinary,1
acpt,1
trickling,1
wakinginmemphis,1
specially,1
carlton,1
gladys,1
amiga,1
fllight,1
bussines,1
genuine,1
natt,1
panam,1
neverflyaaagain,1
fluctuated,1
siberia,1
woase,1
winterops,1
prebook,1
nastiest,1
slime,1
congested,1
dissapointing,1
thanksamericanairlines,1
talent,1
bdsm,1
porn,1
dungeon,1
op,1
raft,1
yessir,1
rob,1
botched,1
absurdity,1
tug,1
outraged,1
memorize,1
phrase,1
shortcuts,1
itover,1
someones,1
protocols,1
mikehertz,1
phrased,1
fakeawards,1
luvisbetter,1
attendent,1
mty,1
surfer,1
noloveforsurfers,1
escalate,1
adjustments,1
seemless,1
surfboardbag,1
nomoaa,1
mait,1
formality,1
reader,1
nohotel,1
ahem,1
frowny,1
unsat,1
angelo,1
discussing,1
hfjkto,1
dallasairport,1
howdy,1
erroring,1
skycaps,1
thousandth,1
mistreated,1
guru,1
ease,1
evidently,1
rides,1
circuit,1
breaker,1
milesaaver,1
whyfly,1
hourwaitsucks,1
madhouse,1
skycap,1
montrose,1
allrepresentativesbusy,1
nooption,1
bademployeeproblem,1
surgeryhelp,1
irrlcd,1
unamerican,1
dehydrated,1
cid,1
chaperone,1
loaaret,1
robinson,1
crazybitch,1
pie,1
hahahaha,1
pasting,1
anticipating,1
bride,1
attending,1
brooklyn,1
jacqueline,1
denise,1
rtn,1
rudestaff,1
incompetentmanagers,1
awfully,1
unclear,1
audio,1
pir,1
cud,1
wong,1
marisol,1
pimentel,1
reasonably,1
kthxbai,1
strict,1
lacks,1
jaipur,1
dehli,1
basics,1
stiiiil,1
hating,1
cac,1
lmk,1
michael,1
infuriating,1
riedel,1
qsvgru,1
stmt,1
getyouracttogether,1
painandsuffering,1
tjycqh,1
pu,1
unt,1
aft,1
remained,1
unreachable,1
revieving,1
agreed,1
chkin,1
baggagedrama,1
squawked,1
worstcustservice,1
nationalized,1
nation,1
declared,1
squawking,1
fligth,1
somthing,1
qqbmug,1
reticketed,1
epicfailure,1
unsettling,1
walmart,1
savr,1
awrd,1
blameshiftoverload,1
visiting,1
languages,1
latinamerican,1
ithaca,1
xld,1
rulesshouldbend,1
sheer,1
reigning,1
gd,1
sloooowresponses,1
prank,1
plt,1
karaax,1
neuer,1
flyingflighttravel,1
reebooked,1
lv,1
champagne,1
tokyomarathon,1
insure,1
fricken,1
dickheads,1
callings,1
finale,1
instance,1
unsuccessful,1
nonperformance,1
onholdfordays,1
plebes,1
youredoingitwrong,1
tree,1
foresight,1
tahiti,1
kevolt,1
sozldj,1
importantflight,1
chargers,1
lenses,1
scareair,1
whoooo,1
hooooo,1
pace,1
quitting,1
cars,1
sounding,1
slapped,1
refers,1
trial,1
crystal,1
toby,1
bmi,1
reciprocate,1
onholdforever,1
suboptimal,1
incompetency,1
willneverflywithyou,1
ltr,1
conv,1
pigeon,1
warn,1
mdbeei,1
mcmullen,1
whyareyouyelling,1
virtual,1
users,1
ratchet,1
watson,1
jennings,1
els,1
queuing,1
quickest,1
maps,1
electronics,1
ltaljx,1
goodthingscome,1
shiz,1
barrier,1
racist,1
barcodes,1
whereisthelove,1
whybeaaff,1
apathetic,1
organized,1
plse,1
equivalent,1
dirt,1
programmers,1
instantly,1
avenue,1
jal,1
cathay,1
marshall,1
tracker,1
americanairsucks,1
hiremorepoeple,1
hints,1
wtw,1
burden,1
kys,1
weve,1
oxgen,1
tank,1
informing,1
combative,1
hury,1
cur,1
texarkana,1
shouldhavedriven,1
psych,1
yourphonesystemsucks,1
blessed,1
adolfo,1
garcia,1
twiiter,1
vcp,1
banana,1
undies,1
mall,1
inclemental,1
strtd,1
pummeled,1
arpt,1
activated,1
nosecuritylines,1
poorest,1
alabama,1
thickens,1
aaalwayslate,1
dandy,1
lookforwardtoflywithaa,1
helper,1
aged,1
internally,1
profiting,1
hurting,1
covert,1
tactics,1
jeopardy,1
cncdld,1
snuck,1
cookie,1
bear,1
retains,1
cstmr,1
cancld,1
discnct,1
cheat,1
horribly,1
stray,1
slowdown,1
lhrdfw,1
troubleshot,1
paranoid,1
retrieved,1
insisted,1
berlin,1
james,1
multinational,1
unmoving,1
totallyconfused,1
freaks,1
surreal,1
rio,1
representing,1
yourstoryhere,1
watered,1
maximization,1
dinosaurs,1
derek,1
impersonal,1
impatient,1
skillful,1
flightness,1
snafu,1
deiced,1
untrue,1
cncld,1
brothaaaaaa,1
repaired,1
translation,1
reinvest,1
colossal,1
infringement,1
unannounced,1
fingerscrossed,1
pleasegod,1
missmykids,1
aex,1
overflow,1
rem,1
ensued,1
marcos,1
concierge,1
gru,1
sorting,1
sleepless,1
useles,1
tomorrows,1
allll,1
convenience,1
joplin,1
jln,1
temper,1
weeklycommuteonaa,1
sour,1
saveus,1
hassles,1
patheticcx,1
compares,1
shortstaffed,1
adress,1
spontaneously,1
overtime,1
dean,1
deoderant,1
reclameaqui,1
tripadvisor,1
sabotaging,1
advan,1
unloads,1
badbusiness,1
supvrs,1
fruit,1
mistreatment,1
austic,1
ege,1
repainted,1
passengerbillofrights,1
fw,1
parameters,1
usable,1
sharon,1
saviour,1
rtw,1
planner,1
spec,1
iceday,1
gather,1
thxu,1
abcnews,1
msnbc,1
hinted,1
abandonment,1
platinums,1
stupidly,1
nothelpful,1
aggravated,1
hospitals,1
cncled,1
arrangement,1
exps,1
nevergettinghome,1
mk,1
warrants,1
yeseniahernandez,1
peculiar,1
fixyourstuff,1
complt,1
lav,1
pln,1
lnded,1
inedible,1
shrimp,1
theydontanswer,1
pasta,1
tastes,1
consumption,1
hateful,1
spell,1
gobankrupt,1
usvi,1
niece,1
ordering,1
skype,1
viracopos,1
fuckoff,1
inventory,1
americanforlife,1
fiscal,1
guc,1
gvn,1
jacquelyn,1
tomo,1
stucked,1
aadelay,1
junction,1
amazingflightcrew,1
aftr,1
bng,1
hstg,1
med,1
fnd,1
cnceld,1
downloaded,1
cop,1
fcuk,1
vacancies,1
renewed,1
thnkx,1
bt,1
sux,1
worlds,1
woody,1
miatoiah,1
russ,1
slammed,1
nail,1
coffin,1
authoritative,1
stagnant,1
metars,1
luz,1
calderon,1
struggle,1
wa,1
securing,1
helpaa,1
boofin,1
attackingbabymomma,1
crazinessintherockies,1
guatemala,1
canadians,1
ringing,1
appleton,1
eliza,1
evidence,1
ils,1
compounding,1
unavoidable,1
controllable,1
twitterhug,1
shesaidrun,1
messes,1
nthin,1
evr,1
nat,1
manuel,1
sap,1
disconnections,1
chewey,1
oatmeal,1
cst,1
golden,1
tops,1
custy,1
pvr,1
duck,1
roberts,1
stuffy,1
arbitrarily,1
retribution,1
dump,1
amenities,1
function,1
nocharge,1
aires,1
blackberry,1
